"gas","region","units","reference","emissions_per_activity","gpc_reference_number","methodology_name","metadata","actor_id","year","methodology_id","id"
CO2,world,kg/m3,"Expert judgement by the authors of Chapter 1, Volume 2 of the 2006 IPCC Guidelines. For details, see Section 1.4.2.1, Chapter 1, Volume 2 of the 2006 IPCC Guidelines.",1617.884,I.2.1,fuel-combustion-commercial-buildings-methodology,"{""commercial-building-fuel-type"":""fuel-type-liquefied-petroleum-gases""}",world,,bb439240-40c6-454e-b615-710561d13a19,"5ffe89bb-6c1b-4873-a5dc-ef82af94e316"
CH4,world,kg/m3,"Expert judgement by the authors of Chapter 2, Volume 2 of the 2006 IPCC Guidelines. For details, see Section 2.3.2.1, Chapter 2, Volume 2 of the 2006 IPCC Guidelines.",0.34840000000000004,I.2.1,fuel-combustion-commercial-buildings-methodology,"{""commercial-building-fuel-type"":""fuel-type-gasoline""}",world,,bb439240-40c6-454e-b615-710561d13a19,b8478da2-c5c6-4b10-8363-db8a28c79630
CH4,world,kg/m3,"Expert judgement by the authors of Chapter 2, Volume 2 of the 2006 IPCC Guidelines. For details, see Section 2.3.2.1, Chapter 2, Volume 2 of the 2006 IPCC Guidelines.",0.1282,I.6.1,fuel-combustion-non-specific-sources-methodology,"{""non-specific-sources-fuel-type"":""fuel-type-liquefied-petroleum-gases""}",world,,cb02c96d-885b-41d9-8e9e-f1c1f80da636,"2902b863-ba63-4b97-a068-6e63f3133a35"
CO2,world,kg/m3,"Expert judgement by the authors of Chapter 1, Volume 2 of the 2006 IPCC Guidelines. For details, see Section 1.4.2.1, Chapter 1, Volume 2 of the 2006 IPCC Guidelines.",1517.688,I.4.1,fuel-combustion-energy-industries-methodology,"{""energy-industries-fuel-type"":""fuel-type-natural-gas-liquids""}",world,,c9d07835-c324-4531-82df-96dee6d8fd2d,"1ad1fe98-700e-4dc3-a230-5d0631b72754"
CO2,world,kg/m3,"Expert judgement by the authors of Chapter 1, Volume 2 of the 2006 IPCC Guidelines. For details, see Section 1.4.2.1, Chapter 1, Volume 2 of the 2006 IPCC Guidelines.",2.244,I.2.1,fuel-combustion-commercial-buildings-methodology,"{""commercial-building-fuel-type"":""fuel-type-natural-gas""}",world,,bb439240-40c6-454e-b615-710561d13a19,"64b494c8-96d0-406f-a71b-00fe704a70b5"
CO2,world,kg/m3,"Expert judgement by the authors of Chapter 1, Volume 2 of the 2006 IPCC Guidelines. For details, see Section 1.4.2.1, Chapter 1, Volume 2 of the 2006 IPCC Guidelines.",1.9958399999999996,I.3.1,fuel-combustion-manufacturing-and-construction-methodology,"{""manufacturing-and-construction-fuel-type"":""fuel-type-refinery-gas""}",world,,"86010b25-82f8-4b0a-b289-8e770105902f","4763599d-ba43-4382-91f3-4108c2b3dab0"
CO2,world,kg/kg,"Expert judgement by the authors of Chapter 1, Volume 2 of the 2006 IPCC Guidelines. For details, see Section 1.4.2.1, Chapter 1, Volume 2 of the 2006 IPCC Guidelines.",3.304,I.6.1,fuel-combustion-non-specific-sources-methodology,"{""non-specific-sources-fuel-type"":""fuel-type-charcoal""}",world,,cb02c96d-885b-41d9-8e9e-f1c1f80da636,fc4834d4-5e6d-46af-aea4-2cab400cfeda
CO2,world,kg/kg,"Expert judgement by the authors of Chapter 1, Volume 2 of the 2006 IPCC Guidelines. For details, see Section 1.4.2.1, Chapter 1, Volume 2 of the 2006 IPCC Guidelines.",2.6246099999999997,I.3.1,fuel-combustion-manufacturing-and-construction-methodology,"{""manufacturing-and-construction-fuel-type"":""fuel-type-anthracite""}",world,,"86010b25-82f8-4b0a-b289-8e770105902f",e647cb15-88a6-4d40-a942-afd877b4755e
CO2,world,kg/m3,"Expert judgement by the authors of Chapter 1, Volume 2 of the 2006 IPCC Guidelines. For details, see Section 1.4.2.1, Chapter 1, Volume 2 of the 2006 IPCC Guidelines.",2852.1090000000004,I.5.1,fuel-combustion-agriculture-forestry-fishing-activities-methodology,"{""agriculture-forestry-fishing-activities-fuel-type"":""fuel-type-diesel-oil""}",world,,a80cdded-5cf1-45b9-833c-c1fd4d97a5cb,"3c89e880-aec5-44db-b754-ffd71ebeab2c"
N2O,world,kg/m3,,0.07526,II.4.1,fuel-sales-aviation-methodology,"{""aviation-fuel-type"":""fuel-type-jet-kerosene""}",world,,"0e8d2d0c-35c5-4ad6-8e9a-fe8b8c8486e3",c2170bea-dcec-4452-a740-e410999d3ea9
CO2,world,kg/TJ,,60600.0,II.1.1,fuel-sales-on-road-transport-methodology,"{""on-road-transport-fuel-type"":""fuel-type-gasoline""}",world,,a1d3f8df-a0dd-4e7d-8f4f-45bfa4787f36,"687f15f6-0741-47b3-a420-3d4412c17760"
N2O,world,kg/m3,,1.3940000000000001,II.1.1,fuel-sales-on-road-transport-methodology,"{""on-road-transport-fuel-type"":""fuel-type-biofuel""}",world,,a1d3f8df-a0dd-4e7d-8f4f-45bfa4787f36,"80651788-88ea-4206-89bf-d9d7f073644d"
CO2,world,kg/m3,"Expert judgement by the authors of Chapter 1, Volume 2 of the 2006 IPCC Guidelines. For details, see Section 1.4.2.1, Chapter 1, Volume 2 of the 2006 IPCC Guidelines.",0.9364626,I.3.1,fuel-combustion-manufacturing-and-construction-methodology,"{""manufacturing-and-construction-fuel-type"":""fuel-type-coke-oven-gas""}",world,,"86010b25-82f8-4b0a-b289-8e770105902f","7bee12c3-1e39-4e81-8190-4d32cc3127f0"
CO2,world,kg/m3,"Expert judgement by the authors of Chapter 1, Volume 2 of the 2006 IPCC Guidelines. For details, see Section 1.4.2.1, Chapter 1, Volume 2 of the 2006 IPCC Guidelines.",7664.8859999999995,I.3.1,fuel-combustion-manufacturing-and-construction-methodology,"{""manufacturing-and-construction-fuel-type"":""fuel-type-bitumen""}",world,,"86010b25-82f8-4b0a-b289-8e770105902f",ec24e1c0-bf4e-4470-9c22-2411cc287517
N2O,world,kg/m3,"Expert judgement by the authors of Chapter 2, Volume 2 of the 2006 IPCC Guidelines. For details, see Section 2.3.2.1, Chapter 2, Volume 2 of the 2006 IPCC Guidelines.",0.056988,I.3.1,fuel-combustion-manufacturing-and-construction-methodology,"{""manufacturing-and-construction-fuel-type"":""fuel-type-bitumen""}",world,,"86010b25-82f8-4b0a-b289-8e770105902f","45fe08b3-235b-48a9-a721-0382512f8b94"
N2O,world,kg/TJ,,2.0,II.4.1,fuel-sales-aviation-methodology,"{""aviation-fuel-type"":""fuel-type-jet-kerosene""}",world,,"0e8d2d0c-35c5-4ad6-8e9a-fe8b8c8486e3","5da76eba-4de5-42f1-a2c3-c0f9144170c1"
N2O,world,kg/m3,,0.0669,II.4.1,fuel-sales-aviation-methodology,"{""aviation-fuel-type"":""fuel-type-aviation-gasoline""}",world,,"0e8d2d0c-35c5-4ad6-8e9a-fe8b8c8486e3","6824306f-6c8f-4083-b77d-69f1995ff4c2"
CO2,world,kg/m3,,1241.1000000000001,II.1.1,fuel-sales-on-road-transport-methodology,"{""on-road-transport-fuel-type"":""fuel-type-cng""}",world,,a1d3f8df-a0dd-4e7d-8f4f-45bfa4787f36,"0fc3b71b-f39a-4809-8547-e916a107c4eb"
N2O,world,kg/TJ,,41.0,II.1.1,fuel-sales-on-road-transport-methodology,"{""on-road-transport-fuel-type"":""fuel-type-biofuel""}",world,,a1d3f8df-a0dd-4e7d-8f4f-45bfa4787f36,"3b367b29-61fc-43c8-9bdd-9eb9a8689ad3"
CO2,world,kg/m3,"Expert judgement by the authors of Chapter 1, Volume 2 of the 2006 IPCC Guidelines. For details, see Section 1.4.2.1, Chapter 1, Volume 2 of the 2006 IPCC Guidelines.",2852.1090000000004,I.3.1,fuel-combustion-manufacturing-and-construction-methodology,"{""manufacturing-and-construction-fuel-type"":""fuel-type-diesel-oil""}",world,,"86010b25-82f8-4b0a-b289-8e770105902f","42776b2d-493f-469d-bc2e-f4692cd8a657"
CH4,world,kg/m3,"Expert judgement by the authors of Chapter 2, Volume 2 of the 2006 IPCC Guidelines. For details, see Section 2.3.2.1, Chapter 2, Volume 2 of the 2006 IPCC Guidelines.",0.24029999999999999,I.3.1,fuel-combustion-manufacturing-and-construction-methodology,"{""manufacturing-and-construction-fuel-type"":""fuel-type-coking-coal""}",world,,"86010b25-82f8-4b0a-b289-8e770105902f","3f0e06be-d88d-4d3c-8ebb-7d00bdefc465"
N2O,world,kg/m3,"Expert judgement by the authors of Chapter 2, Volume 2 of the 2006 IPCC Guidelines. For details, see Section 2.3.2.1, Chapter 2, Volume 2 of the 2006 IPCC Guidelines.",0.024246,I.4.1,fuel-combustion-energy-industries-methodology,"{""energy-industries-fuel-type"":""fuel-type-residual-fuel-oil""}",world,,c9d07835-c324-4531-82df-96dee6d8fd2d,"4413c4ba-804e-405d-96c2-0f4726801cbf"
CO2,world,kg/kg,"Expert judgement by the authors of Chapter 1, Volume 2 of the 2006 IPCC Guidelines. For details, see Section 1.4.2.1, Chapter 1, Volume 2 of the 2006 IPCC Guidelines.",1.6536,I.6.1,fuel-combustion-non-specific-sources-methodology,"{""non-specific-sources-fuel-type"":""fuel-type-peat""}",world,,cb02c96d-885b-41d9-8e9e-f1c1f80da636,"35e1ea62-b4b7-42f3-994a-061d360d13e4"
CH4,world,kg/TJ,,92.0,II.1.1,fuel-sales-on-road-transport-methodology,"{""on-road-transport-fuel-type"":""fuel-type-cng""}",world,,a1d3f8df-a0dd-4e7d-8f4f-45bfa4787f36,d8e1040f-f444-4548-be68-9d16122095f0
CO2,world,kg/m3,,2111.304,II.1.1,fuel-sales-on-road-transport-methodology,"{""on-road-transport-fuel-type"":""fuel-type-gasoline""}",world,,a1d3f8df-a0dd-4e7d-8f4f-45bfa4787f36,"31c62725-d164-452e-ace0-e06fc846c770"
N2O,world,kg/TJ,,2.0,II.3.1,fuel-sales-waterborne-navigation-methodology,"{""waterborne-navigation-fuel-type"":""fuel-type-diesel""}",world,,"31f31521-da7c-4a72-96f7-b3fcdbcc87d2","0bb69a7f-0e8b-46e5-b87c-4577002e5281"
CH4,world,kg/kg,"Expert judgement by the authors of Chapter 2, Volume 2 of the 2006 IPCC Guidelines. For details, see Section 2.3.2.1, Chapter 2, Volume 2 of the 2006 IPCC Guidelines.",0.0000189,I.4.1,fuel-combustion-energy-industries-methodology,"{""energy-industries-fuel-type"":""fuel-type-sub-bituminous-coal""}",world,,c9d07835-c324-4531-82df-96dee6d8fd2d,ed2cd61b-f2bb-44e5-845d-cd074e883659
N2O,world,kg/m3,"Expert judgement by the authors of Chapter 2, Volume 2 of the 2006 IPCC Guidelines. For details, see Section 2.3.2.1, Chapter 2, Volume 2 of the 2006 IPCC Guidelines.",0.000004,I.4.1,fuel-combustion-energy-industries-methodology,"{""energy-industries-fuel-type"":""fuel-type-natural-gas""}",world,,c9d07835-c324-4531-82df-96dee6d8fd2d,"1cd7af2c-acc8-4158-8358-1c78fdb59fd1"
CH4,world,kg/kg,"Expert judgement by the authors of Chapter 2, Volume 2 of the 2006 IPCC Guidelines. For details, see Section 2.3.2.1, Chapter 2, Volume 2 of the 2006 IPCC Guidelines.",0.000267,I.2.1,fuel-combustion-commercial-buildings-methodology,"{""commercial-building-fuel-type"":""fuel-type-anthracite""}",world,,bb439240-40c6-454e-b615-710561d13a19,ee56968a-b301-47d7-bbb7-98f760f0b01a
N2O,world,kg/m3,"Expert judgement by the authors of Chapter 2, Volume 2 of the 2006 IPCC Guidelines. For details, see Section 2.3.2.1, Chapter 2, Volume 2 of the 2006 IPCC Guidelines.",0.022577999999999997,I.4.1,fuel-combustion-energy-industries-methodology,"{""energy-industries-fuel-type"":""fuel-type-jet-kerosene""}",world,,c9d07835-c324-4531-82df-96dee6d8fd2d,b1d79467-67df-46d8-ab8f-d0e4be06d653
CO2,world,kg/kg,"Expert judgement by the authors of Chapter 1, Volume 2 of the 2006 IPCC Guidelines. For details, see Section 1.4.2.1, Chapter 1, Volume 2 of the 2006 IPCC Guidelines.",2.6246099999999997,I.1.1,fuel-combustion-residential-buildings-methodology,"{""residential-building-fuel-type"":""fuel-type-anthracite""}",world,,"8903456d-2535-4d02-9d74-525217e298af","2f2394d5-bd2d-4cd6-8dfc-ae9c1d1b9a05"
CO2,world,kg/m3,"Expert judgement by the authors of Chapter 1, Volume 2 of the 2006 IPCC Guidelines. For details, see Section 1.4.2.1, Chapter 1, Volume 2 of the 2006 IPCC Guidelines.",1.9958399999999996,I.4.1,fuel-combustion-energy-industries-methodology,"{""energy-industries-fuel-type"":""fuel-type-refinery-gas""}",world,,c9d07835-c324-4531-82df-96dee6d8fd2d,fc25f73a-57d1-4873-abb6-1b30d87849c2
N2O,world,kg/m3,"Expert judgement by the authors of Chapter 2, Volume 2 of the 2006 IPCC Guidelines. For details, see Section 2.3.2.1, Chapter 2, Volume 2 of the 2006 IPCC Guidelines.",0.020904000000000002,I.2.1,fuel-combustion-commercial-buildings-methodology,"{""commercial-building-fuel-type"":""fuel-type-gasoline""}",world,,bb439240-40c6-454e-b615-710561d13a19,"32d07fc6-9123-4190-b257-573d8433164d"
CH4,world,kg/m3,"EMEP/CORINAIR Emission inventory Guidebook 2005, European Environmental Agency, Technical Report No 30, Copenhagen Denmmark, (December 2005). Available from web site: http://reports.eea.eu.int/EMEPCORINAIR4/en",0.15973350000000003,I.5.1,fuel-combustion-agriculture-forestry-fishing-activities-methodology,"{""agriculture-forestry-fishing-activities-fuel-type"":""fuel-type-diesel-oil""}",world,,a80cdded-5cf1-45b9-833c-c1fd4d97a5cb,"3ee200e3-c567-41f9-8597-e72f8a665a74"
CO2,world,kg/m3,"Expert judgement by the authors of Chapter 1, Volume 2 of the 2006 IPCC Guidelines. For details, see Section 1.4.2.1, Chapter 1, Volume 2 of the 2006 IPCC Guidelines.",1190.5600000000002,I.1.1,fuel-combustion-residential-buildings-methodology,"{""residential-building-fuel-type"":""fuel-type-charcoal""}",world,,"8903456d-2535-4d02-9d74-525217e298af",d44633c6-1d52-4ea6-af24-b65d50ac99ff
CH4,world,kg/m3,"Expert judgement by the authors of Chapter 2, Volume 2 of the 2006 IPCC Guidelines. For details, see Section 2.3.2.1, Chapter 2, Volume 2 of the 2006 IPCC Guidelines.",0.02403,I.4.1,fuel-combustion-energy-industries-methodology,"{""energy-industries-fuel-type"":""fuel-type-coking-coal""}",world,,c9d07835-c324-4531-82df-96dee6d8fd2d,"56e78742-26d1-42dd-9e19-182d9d0ff670"
N2O,world,kg/m3,"Expert judgement by the authors of Chapter 2, Volume 2 of the 2006 IPCC Guidelines. For details, see Section 2.3.2.1, Chapter 2, Volume 2 of the 2006 IPCC Guidelines.",0.023094,I.3.1,fuel-combustion-manufacturing-and-construction-methodology,"{""manufacturing-and-construction-fuel-type"":""fuel-type-diesel-oil""}",world,,"86010b25-82f8-4b0a-b289-8e770105902f","8dd8caf5-502f-4886-8db6-8cf5a8f62fe5"
CH4,world,kg/m3,"Expert judgement by the authors of Chapter 2, Volume 2 of the 2006 IPCC Guidelines. For details, see Section 2.3.2.1, Chapter 2, Volume 2 of the 2006 IPCC Guidelines.",0.3849,I.6.1,fuel-combustion-non-specific-sources-methodology,"{""non-specific-sources-fuel-type"":""fuel-type-diesel-oil""}",world,,cb02c96d-885b-41d9-8e9e-f1c1f80da636,"13da3660-120f-47d1-b4b3-31134547b66b"
CH4,world,kg/kg,"Expert judgement by the authors of Chapter 2, Volume 2 of the 2006 IPCC Guidelines. For details, see Section 2.3.2.1, Chapter 2, Volume 2 of the 2006 IPCC Guidelines.",0.0060987,I.2.1,fuel-combustion-commercial-buildings-methodology,"{""commercial-building-fuel-type"":""fuel-type-wood-wood-waste""}",world,,bb439240-40c6-454e-b615-710561d13a19,"8e8ea9b5-a571-4304-8a15-a86e49c993a5"
N2O,world,kg/TJ,,3.0,II.1.1,fuel-sales-on-road-transport-methodology,"{""on-road-transport-fuel-type"":""fuel-type-cng""}",world,,a1d3f8df-a0dd-4e7d-8f4f-45bfa4787f36,"2351735d-c540-4256-b8dd-236b8661a7cc"
CH4,world,kg/TJ,,3.9,II.1.1,fuel-sales-on-road-transport-methodology,"{""on-road-transport-fuel-type"":""fuel-type-gasoline""}",world,,a1d3f8df-a0dd-4e7d-8f4f-45bfa4787f36,"989ddc84-cf97-4007-9221-fa27d7e65b72"
N2O,world,kg/TJ,,2.0,II.4.1,fuel-sales-aviation-methodology,"{""aviation-fuel-type"":""fuel-type-jet-gasoline""}",world,,"0e8d2d0c-35c5-4ad6-8e9a-fe8b8c8486e3",fa7b7e76-a75a-4c7f-bc79-ec6f315946e7
CO2,world,kg/kg,"Expert judgement by the authors of Chapter 1, Volume 2 of the 2006 IPCC Guidelines. For details, see Section 1.4.2.1, Chapter 1, Volume 2 of the 2006 IPCC Guidelines.",1.6536,I.1.1,fuel-combustion-residential-buildings-methodology,"{""residential-building-fuel-type"":""fuel-type-peat""}",world,,"8903456d-2535-4d02-9d74-525217e298af","761ece43-181b-4ad2-97d9-3e64569c69d0"
N2O,world,kg/m3,"Expert judgement by the authors of Chapter 2, Volume 2 of the 2006 IPCC Guidelines. For details, see Section 2.3.2.1, Chapter 2, Volume 2 of the 2006 IPCC Guidelines.",0.000003465,I.3.1,fuel-combustion-manufacturing-and-construction-methodology,"{""manufacturing-and-construction-fuel-type"":""fuel-type-refinery-gas""}",world,,"86010b25-82f8-4b0a-b289-8e770105902f","82e70dcc-75d8-4466-8967-4e5a6d52ca6f"
CH4,world,kg/m3,"Expert judgement by the authors of Chapter 2, Volume 2 of the 2006 IPCC Guidelines. For details, see Section 2.3.2.1, Chapter 2, Volume 2 of the 2006 IPCC Guidelines.",0.00003465,I.4.1,fuel-combustion-energy-industries-methodology,"{""energy-industries-fuel-type"":""fuel-type-refinery-gas""}",world,,c9d07835-c324-4531-82df-96dee6d8fd2d,"77ebcf2f-d114-495e-81e1-534b3fab2bd2"
N2O,world,kg/kg,"Expert judgement by the authors of Chapter 2, Volume 2 of the 2006 IPCC Guidelines. For details, see Section 2.3.2.1, Chapter 2, Volume 2 of the 2006 IPCC Guidelines.",0.0000432645,I.4.1,fuel-combustion-energy-industries-methodology,"{""energy-industries-fuel-type"":""fuel-type-coking-coal""}",world,,c9d07835-c324-4531-82df-96dee6d8fd2d,"81f7ddca-d329-4824-a1b6-5bbdf45d7c8d"
CO2,world,kg/kg,"Expert judgement by the authors of Chapter 1, Volume 2 of the 2006 IPCC Guidelines. For details, see Section 1.4.2.1, Chapter 1, Volume 2 of the 2006 IPCC Guidelines.",1.2019,I.4.1,fuel-combustion-energy-industries-methodology,"{""energy-industries-fuel-type"":""fuel-type-lignite""}",world,,c9d07835-c324-4531-82df-96dee6d8fd2d,"651bb38b-7b85-45a4-9402-e3fa2bab5e09"
CO2,world,kg/m3,"Expert judgement by the authors of Chapter 1, Volume 2 of the 2006 IPCC Guidelines. For details, see Section 1.4.2.1, Chapter 1, Volume 2 of the 2006 IPCC Guidelines.",2.244,I.6.1,fuel-combustion-non-specific-sources-methodology,"{""non-specific-sources-fuel-type"":""fuel-type-natural-gas""}",world,,cb02c96d-885b-41d9-8e9e-f1c1f80da636,"32bec7eb-6d5a-4bb6-8fe5-34c678a9947c"
CH4,world,kg/m3,"Expert judgement by the authors of Chapter 2, Volume 2 of the 2006 IPCC Guidelines. For details, see Section 2.3.2.1, Chapter 2, Volume 2 of the 2006 IPCC Guidelines.",0.0002,I.6.1,fuel-combustion-non-specific-sources-methodology,"{""non-specific-sources-fuel-type"":""fuel-type-natural-gas""}",world,,cb02c96d-885b-41d9-8e9e-f1c1f80da636,"8d6125ec-809a-4ff7-8712-2f7a8970600f"
N2O,world,kg/m3,"Expert judgement by the authors of Chapter 2, Volume 2 of the 2006 IPCC Guidelines. For details, see Section 2.3.2.1, Chapter 2, Volume 2 of the 2006 IPCC Guidelines.",0.036045,I.4.1,fuel-combustion-energy-industries-methodology,"{""energy-industries-fuel-type"":""fuel-type-coking-coal""}",world,,c9d07835-c324-4531-82df-96dee6d8fd2d,e9639ad0-f0e5-4832-85b0-ba1053b43fc7
N2O,world,kg/m3,"Expert judgement by the authors of Chapter 2, Volume 2 of the 2006 IPCC Guidelines. For details, see Section 2.3.2.1, Chapter 2, Volume 2 of the 2006 IPCC Guidelines.",0.021024,I.3.1,fuel-combustion-manufacturing-and-construction-methodology,"{""manufacturing-and-construction-fuel-type"":""fuel-type-other-kerosene""}",world,,"86010b25-82f8-4b0a-b289-8e770105902f",f0a9b3f8-2a35-4bd7-94db-eabe186f6094
N2O,world,kg/kg,"Expert judgement by the authors of Chapter 2, Volume 2 of the 2006 IPCC Guidelines. For details, see Section 2.3.2.1, Chapter 2, Volume 2 of the 2006 IPCC Guidelines.",0.0000295,I.6.1,fuel-combustion-non-specific-sources-methodology,"{""non-specific-sources-fuel-type"":""fuel-type-charcoal""}",world,,cb02c96d-885b-41d9-8e9e-f1c1f80da636,"62e49133-0acb-4a8f-bb08-3accb23f6e66"
N2O,world,kg/kg,"Expert judgement by the authors of Chapter 2, Volume 2 of the 2006 IPCC Guidelines. For details, see Section 2.3.2.1, Chapter 2, Volume 2 of the 2006 IPCC Guidelines.",0.0000432645,I.3.1,fuel-combustion-manufacturing-and-construction-methodology,"{""manufacturing-and-construction-fuel-type"":""fuel-type-coking-coal""}",world,,"86010b25-82f8-4b0a-b289-8e770105902f","1f9c57d1-67b9-4254-80ad-0cf1fa6cd928"
N2O,world,kg/m3,"Expert judgement by the authors of Chapter 2, Volume 2 of the 2006 IPCC Guidelines. For details, see Section 2.3.2.1, Chapter 2, Volume 2 of the 2006 IPCC Guidelines.",0.0025640000000000003,I.2.1,fuel-combustion-commercial-buildings-methodology,"{""commercial-building-fuel-type"":""fuel-type-liquefied-petroleum-gases""}",world,,bb439240-40c6-454e-b615-710561d13a19,"70ca0ea5-2f0a-4786-beb3-1dcf83a35892"
CH4,world,kg/kg,"Expert judgement by the authors of Chapter 2, Volume 2 of the 2006 IPCC Guidelines. For details, see Section 2.3.2.1, Chapter 2, Volume 2 of the 2006 IPCC Guidelines.",0.000028843,I.4.1,fuel-combustion-energy-industries-methodology,"{""energy-industries-fuel-type"":""fuel-type-coking-coal""}",world,,c9d07835-c324-4531-82df-96dee6d8fd2d,"32bfa8b8-3c24-4fba-9f9b-8ae688152127"
CO2,world,kg/m3,"Expert judgement by the authors of Chapter 1, Volume 2 of the 2006 IPCC Guidelines. For details, see Section 1.4.2.1, Chapter 1, Volume 2 of the 2006 IPCC Guidelines.",2819.118,I.4.1,fuel-combustion-energy-industries-methodology,"{""energy-industries-fuel-type"":""fuel-type-crude-oil""}",world,,c9d07835-c324-4531-82df-96dee6d8fd2d,"854fc2c8-2ff9-4f42-9d26-bfa600c6c939"
CO2,world,kg/m3,"Expert judgement by the authors of Chapter 1, Volume 2 of the 2006 IPCC Guidelines. For details, see Section 1.4.2.1, Chapter 1, Volume 2 of the 2006 IPCC Guidelines.",2553.7720000000004,I.3.1,fuel-combustion-manufacturing-and-construction-methodology,"{""manufacturing-and-construction-fuel-type"":""fuel-type-naphtha""}",world,,"86010b25-82f8-4b0a-b289-8e770105902f","5464ac85-d71d-4c22-af9f-0abda285ac0c"
CO2,world,kg/m3,,2332.494,II.3.1,fuel-sales-waterborne-navigation-methodology,"{""waterborne-navigation-fuel-type"":""fuel-type-diesel""}",world,,"31f31521-da7c-4a72-96f7-b3fcdbcc87d2","5bfd468f-9c79-4d0e-98d2-7ecabeb06b55"
CH4,world,kg/m3,,0.016725,II.4.1,fuel-sales-aviation-methodology,"{""aviation-fuel-type"":""fuel-type-aviation-gasoline""}",world,,"0e8d2d0c-35c5-4ad6-8e9a-fe8b8c8486e3",c92a971b-a1b0-4de2-ab3a-32e4f78ddc5a
CO2,world,kg/m3,,2201.355,II.4.1,fuel-sales-aviation-methodology,"{""aviation-fuel-type"":""fuel-type-jet-kerosene""}",world,,"0e8d2d0c-35c5-4ad6-8e9a-fe8b8c8486e3","6ca8f4a5-0fe6-49c6-8ea1-a90e00b1687e"
CO2,world,kg/m3,,2332.494,II.2.1,fuel-sales-railways-methodology,"{""railways-fuel-type"":""fuel-type-diesel""}",world,,a4b789c8-6528-45d6-86bf-fc6d182abce7,a4f1e137-9cd1-46d0-83a1-7adc7577dd67
N2O,world,kg/m3,"Expert judgement by the authors of Chapter 2, Volume 2 of the 2006 IPCC Guidelines. For details, see Section 2.3.2.1, Chapter 2, Volume 2 of the 2006 IPCC Guidelines.",0.147936,I.3.1,fuel-combustion-manufacturing-and-construction-methodology,"{""manufacturing-and-construction-fuel-type"":""fuel-type-waste-oils""}",world,,"86010b25-82f8-4b0a-b289-8e770105902f",b76ff25f-98f1-4968-aa3c-4c0fe8550ede
CH4,world,kg/m3,"Expert judgement by the authors of Chapter 2, Volume 2 of the 2006 IPCC Guidelines. For details, see Section 2.3.2.1, Chapter 2, Volume 2 of the 2006 IPCC Guidelines.",0.28493999999999997,I.3.1,fuel-combustion-manufacturing-and-construction-methodology,"{""manufacturing-and-construction-fuel-type"":""fuel-type-bitumen""}",world,,"86010b25-82f8-4b0a-b289-8e770105902f","4bfdc8ee-c652-437e-801a-9bbb9aea5585"
CH4,world,kg/kg,"Expert judgement by the authors of Chapter 2, Volume 2 of the 2006 IPCC Guidelines. For details, see Section 2.3.2.1, Chapter 2, Volume 2 of the 2006 IPCC Guidelines.",0.00348,I.6.1,fuel-combustion-non-specific-sources-methodology,"{""non-specific-sources-fuel-type"":""fuel-type-other-primary-solid-biomass""}",world,,cb02c96d-885b-41d9-8e9e-f1c1f80da636,da480a6a-e15d-4b89-9921-d65edae338db
N2O,world,kg/m3,"Expert judgement by the authors of Chapter 2, Volume 2 of the 2006 IPCC Guidelines. For details, see Section 2.3.2.1, Chapter 2, Volume 2 of the 2006 IPCC Guidelines.",0.036045,I.3.1,fuel-combustion-manufacturing-and-construction-methodology,"{""manufacturing-and-construction-fuel-type"":""fuel-type-coking-coal""}",world,,"86010b25-82f8-4b0a-b289-8e770105902f","7f8719fe-087a-48bc-a361-ad1ae8aeba95"
CH4,world,kg/kg,"Expert judgement by the authors of Chapter 2, Volume 2 of the 2006 IPCC Guidelines. For details, see Section 2.3.2.1, Chapter 2, Volume 2 of the 2006 IPCC Guidelines.",0.0000119,I.4.1,fuel-combustion-energy-industries-methodology,"{""energy-industries-fuel-type"":""fuel-type-lignite""}",world,,c9d07835-c324-4531-82df-96dee6d8fd2d,"6ffc789d-4830-4f5b-b230-76b7d265617b"
CO2,world,kg/m3,"Expert judgement by the authors of Chapter 1, Volume 2 of the 2006 IPCC Guidelines. For details, see Section 1.4.2.1, Chapter 1, Volume 2 of the 2006 IPCC Guidelines.",1517.688,I.3.1,fuel-combustion-manufacturing-and-construction-methodology,"{""manufacturing-and-construction-fuel-type"":""fuel-type-natural-gas-liquids""}",world,,"86010b25-82f8-4b0a-b289-8e770105902f",c33a8dbb-31e8-45d2-a88e-0508a18c740e
CH4,world,kg/m3,"Expert judgement by the authors of Chapter 2, Volume 2 of the 2006 IPCC Guidelines. For details, see Section 2.3.2.1, Chapter 2, Volume 2 of the 2006 IPCC Guidelines.",0.12123,I.3.1,fuel-combustion-manufacturing-and-construction-methodology,"{""manufacturing-and-construction-fuel-type"":""fuel-type-residual-fuel-oil""}",world,,"86010b25-82f8-4b0a-b289-8e770105902f","4a6d77db-b2e0-4949-92e8-0e883cee4bef"
N2O,world,kg/kg,"Expert judgement by the authors of Chapter 2, Volume 2 of the 2006 IPCC Guidelines. For details, see Section 2.3.2.1, Chapter 2, Volume 2 of the 2006 IPCC Guidelines.",0.00004005,I.2.1,fuel-combustion-commercial-buildings-methodology,"{""commercial-building-fuel-type"":""fuel-type-anthracite""}",world,,bb439240-40c6-454e-b615-710561d13a19,"4721fcab-38fc-423b-aa6e-0d195adb9ff2"
CH4,world,kg/kg,"Expert judgement by the authors of Chapter 2, Volume 2 of the 2006 IPCC Guidelines. For details, see Section 2.3.2.1, Chapter 2, Volume 2 of the 2006 IPCC Guidelines.",0.00468,I.1.1,fuel-combustion-residential-buildings-methodology,"{""residential-building-fuel-type"":""fuel-type-peat""}",world,,"8903456d-2535-4d02-9d74-525217e298af","95a2d4aa-2e8e-4ab1-87d9-32e5965f4863"
CH4,world,kg/kg,"Expert judgement by the authors of Chapter 2, Volume 2 of the 2006 IPCC Guidelines. For details, see Section 2.3.2.1, Chapter 2, Volume 2 of the 2006 IPCC Guidelines.",0.0060987,I.6.1,fuel-combustion-non-specific-sources-methodology,"{""non-specific-sources-fuel-type"":""fuel-type-wood-wood-waste""}",world,,cb02c96d-885b-41d9-8e9e-f1c1f80da636,"76a0b431-4cdd-4823-868a-38e44b9d94d3"
N2O,world,kg/m3,,0.15011100000000002,II.1.1,fuel-sales-on-road-transport-methodology,"{""on-road-transport-fuel-type"":""fuel-type-diesel""}",world,,a1d3f8df-a0dd-4e7d-8f4f-45bfa4787f36,"905326f2-063e-4e57-8506-bdcd11877358"
CH4,world,kg/m3,,0.26943,II.3.1,fuel-sales-waterborne-navigation-methodology,"{""waterborne-navigation-fuel-type"":""fuel-type-diesel""}",world,,"31f31521-da7c-4a72-96f7-b3fcdbcc87d2","2a6fca49-a330-4527-b5cb-1733bfeef3dd"
CH4,world,kg/kg,"Expert judgement by the authors of Chapter 2, Volume 2 of the 2006 IPCC Guidelines. For details, see Section 2.3.2.1, Chapter 2, Volume 2 of the 2006 IPCC Guidelines.",0.000189,I.3.1,fuel-combustion-manufacturing-and-construction-methodology,"{""manufacturing-and-construction-fuel-type"":""fuel-type-sub-bituminous-coal""}",world,,"86010b25-82f8-4b0a-b289-8e770105902f","63838744-5e8e-4d09-83f7-6dfed8fe566b"
CH4,world,kg/kg,"Expert judgement by the authors of Chapter 2, Volume 2 of the 2006 IPCC Guidelines. For details, see Section 2.3.2.1, Chapter 2, Volume 2 of the 2006 IPCC Guidelines.",0.0059,I.1.1,fuel-combustion-residential-buildings-methodology,"{""residential-building-fuel-type"":""fuel-type-charcoal""}",world,,"8903456d-2535-4d02-9d74-525217e298af",a663d5ec-6f90-413b-b489-15341b712ed7
CO2,world,kg/m3,"Expert judgement by the authors of Chapter 1, Volume 2 of the 2006 IPCC Guidelines. For details, see Section 1.4.2.1, Chapter 1, Volume 2 of the 2006 IPCC Guidelines.",2414.4120000000003,I.2.1,fuel-combustion-commercial-buildings-methodology,"{""commercial-building-fuel-type"":""fuel-type-gasoline""}",world,,bb439240-40c6-454e-b615-710561d13a19,"31bc2112-d487-431e-921d-48e5a87bc9d7"
CH4,world,kg/kg,"Expert judgement by the authors of Chapter 2, Volume 2 of the 2006 IPCC Guidelines. For details, see Section 2.3.2.1, Chapter 2, Volume 2 of the 2006 IPCC Guidelines.",0.00028843,I.3.1,fuel-combustion-manufacturing-and-construction-methodology,"{""manufacturing-and-construction-fuel-type"":""fuel-type-coking-coal""}",world,,"86010b25-82f8-4b0a-b289-8e770105902f",e514d639-f4fb-4ca6-b8e0-a57e366ddcde
N2O,world,kg/m3,"Expert judgement by the authors of Chapter 2, Volume 2 of the 2006 IPCC Guidelines. For details, see Section 2.3.2.1, Chapter 2, Volume 2 of the 2006 IPCC Guidelines.",0.01063,I.6.1,fuel-combustion-non-specific-sources-methodology,"{""non-specific-sources-fuel-type"":""fuel-type-charcoal""}",world,,cb02c96d-885b-41d9-8e9e-f1c1f80da636,b3cd5282-c414-41af-a39e-063187a7ff8a
CH4,world,kg/m3,"Expert judgement by the authors of Chapter 2, Volume 2 of the 2006 IPCC Guidelines. For details, see Section 2.3.2.1, Chapter 2, Volume 2 of the 2006 IPCC Guidelines.",0.11288999999999999,I.4.1,fuel-combustion-energy-industries-methodology,"{""energy-industries-fuel-type"":""fuel-type-jet-kerosene""}",world,,c9d07835-c324-4531-82df-96dee6d8fd2d,b4cc7041-f2bc-44ac-8f02-ec2892f78347
CH4,world,kg/m3,"Expert judgement by the authors of Chapter 2, Volume 2 of the 2006 IPCC Guidelines. For details, see Section 2.3.2.1, Chapter 2, Volume 2 of the 2006 IPCC Guidelines.",0.00003465,I.3.1,fuel-combustion-manufacturing-and-construction-methodology,"{""manufacturing-and-construction-fuel-type"":""fuel-type-refinery-gas""}",world,,"86010b25-82f8-4b0a-b289-8e770105902f",e5726a0f-6941-4916-a2a2-5c49628e302e
CH4,world,kg/m3,"Expert judgement by the authors of Chapter 2, Volume 2 of the 2006 IPCC Guidelines. For details, see Section 2.3.2.1, Chapter 2, Volume 2 of the 2006 IPCC Guidelines.",0.11538000000000001,I.3.1,fuel-combustion-manufacturing-and-construction-methodology,"{""manufacturing-and-construction-fuel-type"":""fuel-type-crude-oil""}",world,,"86010b25-82f8-4b0a-b289-8e770105902f",c115876b-5a16-49d6-95ec-0458e021ff7f
N2O,world,kg/kg,"Expert judgement by the authors of Chapter 2, Volume 2 of the 2006 IPCC Guidelines. For details, see Section 2.3.2.1, Chapter 2, Volume 2 of the 2006 IPCC Guidelines.",0.000081316,I.6.1,fuel-combustion-non-specific-sources-methodology,"{""non-specific-sources-fuel-type"":""fuel-type-wood-wood-waste""}",world,,cb02c96d-885b-41d9-8e9e-f1c1f80da636,"7afe5036-be6c-459f-bfd1-d321ae258c53"
CO2,world,kg/m3,,1968.6000000000001,II.1.1,fuel-sales-on-road-transport-methodology,"{""on-road-transport-fuel-type"":""fuel-type-biofuel""}",world,,a1d3f8df-a0dd-4e7d-8f4f-45bfa4787f36,b03170f9-6e5d-46b3-be54-376dd05aa809
CH4,world,kg/m3,,2.17488,II.1.1,fuel-sales-on-road-transport-methodology,"{""on-road-transport-fuel-type"":""fuel-type-cng""}",world,,a1d3f8df-a0dd-4e7d-8f4f-45bfa4787f36,"34075277-14f6-4da2-aa6b-844cbaeca459"
CO2,world,kg/TJ,,57300.0,II.4.1,fuel-sales-aviation-methodology,"{""aviation-fuel-type"":""fuel-type-aviation-gasoline""}",world,,"0e8d2d0c-35c5-4ad6-8e9a-fe8b8c8486e3",c250a796-453a-4b6a-beb1-be310b5724e2
N2O,world,kg/kg,"Expert judgement by the authors of Chapter 2, Volume 2 of the 2006 IPCC Guidelines. For details, see Section 2.3.2.1, Chapter 2, Volume 2 of the 2006 IPCC Guidelines.",0.00002184,I.6.1,fuel-combustion-non-specific-sources-methodology,"{""non-specific-sources-fuel-type"":""fuel-type-peat""}",world,,cb02c96d-885b-41d9-8e9e-f1c1f80da636,"1cc59e31-6d34-4a9f-9cd2-1f5057958e33"
N2O,world,kg/m3,"Expert judgement by the authors of Chapter 2, Volume 2 of the 2006 IPCC Guidelines. For details, see Section 2.3.2.1, Chapter 2, Volume 2 of the 2006 IPCC Guidelines.",0.0025640000000000003,I.6.1,fuel-combustion-non-specific-sources-methodology,"{""non-specific-sources-fuel-type"":""fuel-type-liquefied-petroleum-gases""}",world,,cb02c96d-885b-41d9-8e9e-f1c1f80da636,"3851e185-42c1-494e-a096-f0c1aa2612a9"
N2O,world,kg/kg,"Expert judgement by the authors of Chapter 2, Volume 2 of the 2006 IPCC Guidelines. For details, see Section 2.3.2.1, Chapter 2, Volume 2 of the 2006 IPCC Guidelines.",0.00002412,I.3.1,fuel-combustion-manufacturing-and-construction-methodology,"{""manufacturing-and-construction-fuel-type"":""fuel-type-bitumen""}",world,,"86010b25-82f8-4b0a-b289-8e770105902f",e7213078-05de-4b75-bdb3-7d4972260f11
N2O,world,kg/kg,"Expert judgement by the authors of Chapter 2, Volume 2 of the 2006 IPCC Guidelines. For details, see Section 2.3.2.1, Chapter 2, Volume 2 of the 2006 IPCC Guidelines.",0.000081316,I.2.1,fuel-combustion-commercial-buildings-methodology,"{""commercial-building-fuel-type"":""fuel-type-wood-wood-waste""}",world,,bb439240-40c6-454e-b615-710561d13a19,"1dd53d58-6051-4da5-b933-72bf5b79fb00"
CH4,world,kg/m3,"Expert judgement by the authors of Chapter 2, Volume 2 of the 2006 IPCC Guidelines. For details, see Section 2.3.2.1, Chapter 2, Volume 2 of the 2006 IPCC Guidelines.",0.10512,I.3.1,fuel-combustion-manufacturing-and-construction-methodology,"{""manufacturing-and-construction-fuel-type"":""fuel-type-other-kerosene""}",world,,"86010b25-82f8-4b0a-b289-8e770105902f","22cbf940-3748-4243-859f-84f213cc1a0c"
CO2,world,kg/kg,"Expert judgement by the authors of Chapter 1, Volume 2 of the 2006 IPCC Guidelines. For details, see Section 1.4.2.1, Chapter 1, Volume 2 of the 2006 IPCC Guidelines.",1.81629,I.4.1,fuel-combustion-energy-industries-methodology,"{""energy-industries-fuel-type"":""fuel-type-sub-bituminous-coal""}",world,,c9d07835-c324-4531-82df-96dee6d8fd2d,b52c4a89-dfe6-47ed-b793-2474026901a4
CH4,world,kg/kg,"Expert judgement by the authors of Chapter 2, Volume 2 of the 2006 IPCC Guidelines. For details, see Section 2.3.2.1, Chapter 2, Volume 2 of the 2006 IPCC Guidelines.",0.00468,I.6.1,fuel-combustion-non-specific-sources-methodology,"{""non-specific-sources-fuel-type"":""fuel-type-peat""}",world,,cb02c96d-885b-41d9-8e9e-f1c1f80da636,"6f6893f7-4a18-47fb-93ea-407ae36877b5"
N2O,world,kg/m3,"Expert judgement by the authors of Chapter 2, Volume 2 of the 2006 IPCC Guidelines. For details, see Section 2.3.2.1, Chapter 2, Volume 2 of the 2006 IPCC Guidelines.",0.023094,I.6.1,fuel-combustion-non-specific-sources-methodology,"{""non-specific-sources-fuel-type"":""fuel-type-diesel-oil""}",world,,cb02c96d-885b-41d9-8e9e-f1c1f80da636,"705815b1-97c3-43eb-87b5-79b9d54d0b53"
CO2,world,kg/m3,"Expert judgement by the authors of Chapter 1, Volume 2 of the 2006 IPCC Guidelines. For details, see Section 1.4.2.1, Chapter 1, Volume 2 of the 2006 IPCC Guidelines.",2519.376,I.3.1,fuel-combustion-manufacturing-and-construction-methodology,"{""manufacturing-and-construction-fuel-type"":""fuel-type-other-kerosene""}",world,,"86010b25-82f8-4b0a-b289-8e770105902f","31999737-4e4d-4058-badb-d7e8b56783a4"
CH4,world,kg/m3,,0.135876,II.1.1,fuel-sales-on-road-transport-methodology,"{""on-road-transport-fuel-type"":""fuel-type-gasoline""}",world,,a1d3f8df-a0dd-4e7d-8f4f-45bfa4787f36,"994b66f8-20c8-4ec7-aa3f-9cd1061c4b49"
CH4,world,kg/m3,,0.15011100000000002,II.1.1,fuel-sales-on-road-transport-methodology,"{""on-road-transport-fuel-type"":""fuel-type-diesel""}",world,,a1d3f8df-a0dd-4e7d-8f4f-45bfa4787f36,"43d4c9dd-19db-4dc0-b2c4-63c16b683725"
N2O,world,kg/m3,"Expert judgement by the authors of Chapter 2, Volume 2 of the 2006 IPCC Guidelines. For details, see Section 2.3.2.1, Chapter 2, Volume 2 of the 2006 IPCC Guidelines.",0.000004,I.1.1,fuel-combustion-residential-buildings-methodology,"{""residential-building-fuel-type"":""fuel-type-natural-gas""}",world,,"8903456d-2535-4d02-9d74-525217e298af","72eb5fed-5597-4278-8fea-72b74183632b"
N2O,world,kg/m3,"Expert judgement by the authors of Chapter 2, Volume 2 of the 2006 IPCC Guidelines. For details, see Section 2.3.2.1, Chapter 2, Volume 2 of the 2006 IPCC Guidelines.",0.020904000000000002,I.6.1,fuel-combustion-non-specific-sources-methodology,"{""non-specific-sources-fuel-type"":""fuel-type-naphtha""}",world,,cb02c96d-885b-41d9-8e9e-f1c1f80da636,"9925ae38-efe0-459d-9008-62caca62241b"
CO2,world,kg/kg,"Expert judgement by the authors of Chapter 1, Volume 2 of the 2006 IPCC Guidelines. For details, see Section 1.4.2.1, Chapter 1, Volume 2 of the 2006 IPCC Guidelines.",2.7285478000000003,I.3.1,fuel-combustion-manufacturing-and-construction-methodology,"{""manufacturing-and-construction-fuel-type"":""fuel-type-coking-coal""}",world,,"86010b25-82f8-4b0a-b289-8e770105902f","94e64eb4-2148-4d33-b80b-8d8d24c9b710"
N2O,world,kg/m3,"Expert judgement by the authors of Chapter 2, Volume 2 of the 2006 IPCC Guidelines. For details, see Section 2.3.2.1, Chapter 2, Volume 2 of the 2006 IPCC Guidelines.",0.00000210915,I.4.1,fuel-combustion-energy-industries-methodology,"{""energy-industries-fuel-type"":""fuel-type-coke-oven-gas""}",world,,c9d07835-c324-4531-82df-96dee6d8fd2d,"2ce7b209-f28a-49bb-8d71-b21b4d31d8a8"
CH4,world,kg/m3,"Expert judgement by the authors of Chapter 2, Volume 2 of the 2006 IPCC Guidelines. For details, see Section 2.3.2.1, Chapter 2, Volume 2 of the 2006 IPCC Guidelines.",0.00004,I.3.1,fuel-combustion-manufacturing-and-construction-methodology,"{""manufacturing-and-construction-fuel-type"":""fuel-type-natural-gas""}",world,,"86010b25-82f8-4b0a-b289-8e770105902f","57146413-176f-4ea9-ae83-ac2583766ec5"
N2O,world,kg/m3,"EMEP/CORINAIR Emission inventory Guidebook 2005, European Environmental Agency, Technical Report No 30, Copenhagen Denmmark, (December 2005). Available from web site: http://reports.eea.eu.int/EMEPCORINAIR4/en",1.1008140000000002,I.5.1,fuel-combustion-agriculture-forestry-fishing-activities-methodology,"{""agriculture-forestry-fishing-activities-fuel-type"":""fuel-type-diesel-oil""}",world,,a80cdded-5cf1-45b9-833c-c1fd4d97a5cb,"9deba157-9190-4dca-a7bb-54796e7f731f"
CO2,world,kg/kg,"Expert judgement by the authors of Chapter 1, Volume 2 of the 2006 IPCC Guidelines. For details, see Section 1.4.2.1, Chapter 1, Volume 2 of the 2006 IPCC Guidelines.",2.6246099999999997,I.4.1,fuel-combustion-energy-industries-methodology,"{""energy-industries-fuel-type"":""fuel-type-anthracite""}",world,,c9d07835-c324-4531-82df-96dee6d8fd2d,"1daa2bb0-7a55-47f7-a11e-6096886b0082"
CO2,world,kg/m3,"Expert judgement by the authors of Chapter 1, Volume 2 of the 2006 IPCC Guidelines. For details, see Section 1.4.2.1, Chapter 1, Volume 2 of the 2006 IPCC Guidelines.",2553.7720000000004,I.6.1,fuel-combustion-non-specific-sources-methodology,"{""non-specific-sources-fuel-type"":""fuel-type-naphtha""}",world,,cb02c96d-885b-41d9-8e9e-f1c1f80da636,"6d0541b1-5e9e-470f-8e7e-476ae79287f8"
CH4,world,kg/m3,"Expert judgement by the authors of Chapter 2, Volume 2 of the 2006 IPCC Guidelines. For details, see Section 2.3.2.1, Chapter 2, Volume 2 of the 2006 IPCC Guidelines.",2.1260000000000003,I.1.1,fuel-combustion-residential-buildings-methodology,"{""residential-building-fuel-type"":""fuel-type-charcoal""}",world,,"8903456d-2535-4d02-9d74-525217e298af",e07556e1-87ce-4e19-8fca-4bbe44762740
CO2,world,kg/kg,"Expert judgement by the authors of Chapter 1, Volume 2 of the 2006 IPCC Guidelines. For details, see Section 1.4.2.1, Chapter 1, Volume 2 of the 2006 IPCC Guidelines.",2.7285478000000003,I.4.1,fuel-combustion-energy-industries-methodology,"{""energy-industries-fuel-type"":""fuel-type-coking-coal""}",world,,c9d07835-c324-4531-82df-96dee6d8fd2d,"6f508fd0-5d37-4d97-9d91-e084e96ed891"
CH4,world,kg/m3,"Expert judgement by the authors of Chapter 2, Volume 2 of the 2006 IPCC Guidelines. For details, see Section 2.3.2.1, Chapter 2, Volume 2 of the 2006 IPCC Guidelines.",0.12123,I.4.1,fuel-combustion-energy-industries-methodology,"{""energy-industries-fuel-type"":""fuel-type-residual-fuel-oil""}",world,,c9d07835-c324-4531-82df-96dee6d8fd2d,"96f8840e-c321-43bf-8dc4-b0fe7805903a"
CH4,world,kg/m3,"Expert judgement by the authors of Chapter 2, Volume 2 of the 2006 IPCC Guidelines. For details, see Section 2.3.2.1, Chapter 2, Volume 2 of the 2006 IPCC Guidelines.",0.11538000000000001,I.4.1,fuel-combustion-energy-industries-methodology,"{""energy-industries-fuel-type"":""fuel-type-crude-oil""}",world,,c9d07835-c324-4531-82df-96dee6d8fd2d,"7d0b29af-3d7a-437d-9c65-a12fbbce3ab2"
CH4,world,kg/m3,"Expert judgement by the authors of Chapter 2, Volume 2 of the 2006 IPCC Guidelines. For details, see Section 2.3.2.1, Chapter 2, Volume 2 of the 2006 IPCC Guidelines.",0.11547000000000002,I.3.1,fuel-combustion-manufacturing-and-construction-methodology,"{""manufacturing-and-construction-fuel-type"":""fuel-type-diesel-oil""}",world,,"86010b25-82f8-4b0a-b289-8e770105902f",a8c24080-51f8-4944-a0a6-2a139c981ed1
CH4,world,kg/TJ,,4.15,II.2.1,fuel-sales-railways-methodology,"{""railways-fuel-type"":""fuel-type-diesel""}",world,,a4b789c8-6528-45d6-86bf-fc6d182abce7,"0fe3a470-2a05-45e1-a636-cc9b4251b1d0"
CO2,world,kg/m3,,2332.494,II.1.1,fuel-sales-on-road-transport-methodology,"{""on-road-transport-fuel-type"":""fuel-type-diesel""}",world,,a1d3f8df-a0dd-4e7d-8f4f-45bfa4787f36,"03cedd1f-75f9-4b32-8575-8a5484c6f03d"
N2O,world,kg/TJ,,28.6,II.2.1,fuel-sales-railways-methodology,"{""railways-fuel-type"":""fuel-type-diesel""}",world,,a4b789c8-6528-45d6-86bf-fc6d182abce7,"6d455561-a1f7-4c54-a924-3c8e9c6d5d6b"
N2O,world,kg/m3,,0.07092000000000001,II.1.1,fuel-sales-on-road-transport-methodology,"{""on-road-transport-fuel-type"":""fuel-type-cng""}",world,,a1d3f8df-a0dd-4e7d-8f4f-45bfa4787f36,fa4d20d2-435a-47e9-aafb-efe78b532f87
CO2,world,kg/TJ,,52500.0,II.1.1,fuel-sales-on-road-transport-methodology,"{""on-road-transport-fuel-type"":""fuel-type-cng""}",world,,a1d3f8df-a0dd-4e7d-8f4f-45bfa4787f36,a4b2c19c-ce26-407b-9566-e106bb66546e
N2O,world,kg/kg,"Expert judgement by the authors of Chapter 2, Volume 2 of the 2006 IPCC Guidelines. For details, see Section 2.3.2.1, Chapter 2, Volume 2 of the 2006 IPCC Guidelines.",0.00001785,I.4.1,fuel-combustion-energy-industries-methodology,"{""energy-industries-fuel-type"":""fuel-type-lignite""}",world,,c9d07835-c324-4531-82df-96dee6d8fd2d,ea00e016-3aba-4734-853e-19c8975325e9
N2O,world,kg/kg,"Expert judgement by the authors of Chapter 2, Volume 2 of the 2006 IPCC Guidelines. For details, see Section 2.3.2.1, Chapter 2, Volume 2 of the 2006 IPCC Guidelines.",0.00001785,I.3.1,fuel-combustion-manufacturing-and-construction-methodology,"{""manufacturing-and-construction-fuel-type"":""fuel-type-lignite""}",world,,"86010b25-82f8-4b0a-b289-8e770105902f","81151031-882b-4e1d-aff3-f15d0fe7888e"
CO2,world,kg/kg,"Expert judgement by the authors of Chapter 1, Volume 2 of the 2006 IPCC Guidelines. For details, see Section 1.4.2.1, Chapter 1, Volume 2 of the 2006 IPCC Guidelines.",2.6246099999999997,I.2.1,fuel-combustion-commercial-buildings-methodology,"{""commercial-building-fuel-type"":""fuel-type-anthracite""}",world,,bb439240-40c6-454e-b615-710561d13a19,"533997fd-8d93-4f2f-b07a-5b772d48e2d9"
N2O,world,kg/kg,"Expert judgement by the authors of Chapter 2, Volume 2 of the 2006 IPCC Guidelines. For details, see Section 2.3.2.1, Chapter 2, Volume 2 of the 2006 IPCC Guidelines.",0.0000295,I.1.1,fuel-combustion-residential-buildings-methodology,"{""residential-building-fuel-type"":""fuel-type-charcoal""}",world,,"8903456d-2535-4d02-9d74-525217e298af","5d7b548d-e63c-43b9-a78c-4a5168f664b8"
N2O,world,kg/m3,"Expert judgement by the authors of Chapter 2, Volume 2 of the 2006 IPCC Guidelines. For details, see Section 2.3.2.1, Chapter 2, Volume 2 of the 2006 IPCC Guidelines.",0.023076,I.4.1,fuel-combustion-energy-industries-methodology,"{""energy-industries-fuel-type"":""fuel-type-crude-oil""}",world,,c9d07835-c324-4531-82df-96dee6d8fd2d,"407215d4-9f82-4393-a8d6-0894c3328e96"
CH4,world,kg/m3,"Expert judgement by the authors of Chapter 2, Volume 2 of the 2006 IPCC Guidelines. For details, see Section 2.3.2.1, Chapter 2, Volume 2 of the 2006 IPCC Guidelines.",0.07092000000000001,I.3.1,fuel-combustion-manufacturing-and-construction-methodology,"{""manufacturing-and-construction-fuel-type"":""fuel-type-natural-gas-liquids""}",world,,"86010b25-82f8-4b0a-b289-8e770105902f",f537a6c0-35f4-4af1-a4ed-b3c6fac9ee41
CO2,world,kg/m3,"Expert judgement by the authors of Chapter 1, Volume 2 of the 2006 IPCC Guidelines. For details, see Section 1.4.2.1, Chapter 1, Volume 2 of the 2006 IPCC Guidelines.",1617.884,I.1.1,fuel-combustion-residential-buildings-methodology,"{""residential-building-fuel-type"":""fuel-type-liquefied-petroleum-gases""}",world,,"8903456d-2535-4d02-9d74-525217e298af","78ea61a7-06c3-4f42-aef5-d42cbce66cb6"
N2O,world,kg/m3,"Expert judgement by the authors of Chapter 2, Volume 2 of the 2006 IPCC Guidelines. For details, see Section 2.3.2.1, Chapter 2, Volume 2 of the 2006 IPCC Guidelines.",0.023076,I.3.1,fuel-combustion-manufacturing-and-construction-methodology,"{""manufacturing-and-construction-fuel-type"":""fuel-type-crude-oil""}",world,,"86010b25-82f8-4b0a-b289-8e770105902f",decfe640-047f-441b-88ff-315d652d4bf5
N2O,world,kg/m3,"Expert judgement by the authors of Chapter 2, Volume 2 of the 2006 IPCC Guidelines. For details, see Section 2.3.2.1, Chapter 2, Volume 2 of the 2006 IPCC Guidelines.",0.00000210915,I.3.1,fuel-combustion-manufacturing-and-construction-methodology,"{""manufacturing-and-construction-fuel-type"":""fuel-type-coke-oven-gas""}",world,,"86010b25-82f8-4b0a-b289-8e770105902f",bbd28940-691f-4d8b-9763-5db6db4450d5
CO2,world,kg/kg,"Expert judgement by the authors of Chapter 1, Volume 2 of the 2006 IPCC Guidelines. For details, see Section 1.4.2.1, Chapter 1, Volume 2 of the 2006 IPCC Guidelines.",1.2019,I.3.1,fuel-combustion-manufacturing-and-construction-methodology,"{""manufacturing-and-construction-fuel-type"":""fuel-type-lignite""}",world,,"86010b25-82f8-4b0a-b289-8e770105902f","82a14d24-97b7-4b63-ab1c-d3b5d3d72632"
N2O,world,kg/m3,"Expert judgement by the authors of Chapter 2, Volume 2 of the 2006 IPCC Guidelines. For details, see Section 2.3.2.1, Chapter 2, Volume 2 of the 2006 IPCC Guidelines.",0.000004,I.6.1,fuel-combustion-non-specific-sources-methodology,"{""non-specific-sources-fuel-type"":""fuel-type-natural-gas""}",world,,cb02c96d-885b-41d9-8e9e-f1c1f80da636,"8ad2b3b3-0843-450f-a113-aa1b823133ae"
CO2,world,kg/kg,"Expert judgement by the authors of Chapter 1, Volume 2 of the 2006 IPCC Guidelines. For details, see Section 1.4.2.1, Chapter 1, Volume 2 of the 2006 IPCC Guidelines.",3.2441400000000002,I.3.1,fuel-combustion-manufacturing-and-construction-methodology,"{""manufacturing-and-construction-fuel-type"":""fuel-type-bitumen""}",world,,"86010b25-82f8-4b0a-b289-8e770105902f",a49320bf-8b8d-4481-9868-b99ca0ad0696
CO2,world,kg/m3,"Expert judgement by the authors of Chapter 1, Volume 2 of the 2006 IPCC Guidelines. For details, see Section 1.4.2.1, Chapter 1, Volume 2 of the 2006 IPCC Guidelines.",2819.118,I.3.1,fuel-combustion-manufacturing-and-construction-methodology,"{""manufacturing-and-construction-fuel-type"":""fuel-type-crude-oil""}",world,,"86010b25-82f8-4b0a-b289-8e770105902f",e209daa4-68dd-472a-bf00-8b9e4c0f0b35
CO2,world,kg/kg,"Expert judgement by the authors of Chapter 1, Volume 2 of the 2006 IPCC Guidelines. For details, see Section 1.4.2.1, Chapter 1, Volume 2 of the 2006 IPCC Guidelines.",2.276848,I.6.1,fuel-combustion-non-specific-sources-methodology,"{""non-specific-sources-fuel-type"":""fuel-type-wood-wood-waste""}",world,,cb02c96d-885b-41d9-8e9e-f1c1f80da636,"7a74857f-6fa5-4bac-967d-474ece168ddc"
CH4,world,kg/m3,,0.016725,II.4.1,fuel-sales-aviation-methodology,"{""aviation-fuel-type"":""fuel-type-jet-gasoline""}",world,,"0e8d2d0c-35c5-4ad6-8e9a-fe8b8c8486e3","9ad81840-692d-4494-abd0-50d7c493b358"
CH4,world,kg/TJ,,0.5,II.4.1,fuel-sales-aviation-methodology,"{""aviation-fuel-type"":""fuel-type-jet-kerosene""}",world,,"0e8d2d0c-35c5-4ad6-8e9a-fe8b8c8486e3",c0f5882c-d909-4e5a-9d97-94370e63a6c9
CO2,world,kg/m3,,1916.685,II.4.1,fuel-sales-aviation-methodology,"{""aviation-fuel-type"":""fuel-type-jet-gasoline""}",world,,"0e8d2d0c-35c5-4ad6-8e9a-fe8b8c8486e3","9db5893a-893a-458c-a174-3590cb44a186"
CO2,world,kg/m3,"Expert judgement by the authors of Chapter 1, Volume 2 of the 2006 IPCC Guidelines. For details, see Section 1.4.2.1, Chapter 1, Volume 2 of the 2006 IPCC Guidelines.",2273.238,I.3.1,fuel-combustion-manufacturing-and-construction-methodology,"{""manufacturing-and-construction-fuel-type"":""fuel-type-coking-coal""}",world,,"86010b25-82f8-4b0a-b289-8e770105902f","444d0cb6-dac6-4f7f-a170-15e3a5bf10f4"
CH4,world,kg/m3,"Expert judgement by the authors of Chapter 2, Volume 2 of the 2006 IPCC Guidelines. For details, see Section 2.3.2.1, Chapter 2, Volume 2 of the 2006 IPCC Guidelines.",0.34840000000000004,I.6.1,fuel-combustion-non-specific-sources-methodology,"{""non-specific-sources-fuel-type"":""fuel-type-naphtha""}",world,,cb02c96d-885b-41d9-8e9e-f1c1f80da636,"80add7bc-0fe2-41da-93e1-5e03cc8c9863"
N2O,world,kg/kg,"Expert judgement by the authors of Chapter 2, Volume 2 of the 2006 IPCC Guidelines. For details, see Section 2.3.2.1, Chapter 2, Volume 2 of the 2006 IPCC Guidelines.",0.00004005,I.4.1,fuel-combustion-energy-industries-methodology,"{""energy-industries-fuel-type"":""fuel-type-anthracite""}",world,,c9d07835-c324-4531-82df-96dee6d8fd2d,"65d1c70a-ce12-4b58-9220-bf0c8a33ff18"
CH4,world,kg/m3,"Expert judgement by the authors of Chapter 2, Volume 2 of the 2006 IPCC Guidelines. For details, see Section 2.3.2.1, Chapter 2, Volume 2 of the 2006 IPCC Guidelines.",0.0002,I.1.1,fuel-combustion-residential-buildings-methodology,"{""residential-building-fuel-type"":""fuel-type-natural-gas""}",world,,"8903456d-2535-4d02-9d74-525217e298af",e8172182-8865-4738-9d87-3bbe7d86d7ee
CH4,world,kg/m3,"Expert judgement by the authors of Chapter 2, Volume 2 of the 2006 IPCC Guidelines. For details, see Section 2.3.2.1, Chapter 2, Volume 2 of the 2006 IPCC Guidelines.",0.3891,I.6.1,fuel-combustion-non-specific-sources-methodology,"{""non-specific-sources-fuel-type"":""fuel-type-gas-oil""}",world,,cb02c96d-885b-41d9-8e9e-f1c1f80da636,"82d85757-9d99-45be-89f0-f242aae0c7f0"
CO2,world,kg/m3,"Expert judgement by the authors of Chapter 1, Volume 2 of the 2006 IPCC Guidelines. For details, see Section 1.4.2.1, Chapter 1, Volume 2 of the 2006 IPCC Guidelines.",2883.231,I.6.1,fuel-combustion-non-specific-sources-methodology,"{""non-specific-sources-fuel-type"":""fuel-type-gas-oil""}",world,,cb02c96d-885b-41d9-8e9e-f1c1f80da636,"86a2e53c-2cf9-43ea-8b39-ff34e6ec304b"
CH4,world,kg/kg,"Expert judgement by the authors of Chapter 2, Volume 2 of the 2006 IPCC Guidelines. For details, see Section 2.3.2.1, Chapter 2, Volume 2 of the 2006 IPCC Guidelines.",0.00801,I.1.1,fuel-combustion-residential-buildings-methodology,"{""residential-building-fuel-type"":""fuel-type-anthracite""}",world,,"8903456d-2535-4d02-9d74-525217e298af","6ccc88ab-b08d-43cd-97f4-ab1c039f3442"
N2O,world,kg/kg,"Expert judgement by the authors of Chapter 2, Volume 2 of the 2006 IPCC Guidelines. For details, see Section 2.3.2.1, Chapter 2, Volume 2 of the 2006 IPCC Guidelines.",0.00002184,I.1.1,fuel-combustion-residential-buildings-methodology,"{""residential-building-fuel-type"":""fuel-type-peat""}",world,,"8903456d-2535-4d02-9d74-525217e298af",e4068e1e-587b-485c-82bf-242550616e68
CH4,world,kg/TJ,,18.0,II.1.1,fuel-sales-on-road-transport-methodology,"{""on-road-transport-fuel-type"":""fuel-type-biofuel""}",world,,a1d3f8df-a0dd-4e7d-8f4f-45bfa4787f36,"26387608-346e-4723-9d25-a5415a03dddb"
CO2,world,kg/TJ,,60600.0,II.1.1,fuel-sales-on-road-transport-methodology,"{""on-road-transport-fuel-type"":""fuel-type-diesel""}",world,,a1d3f8df-a0dd-4e7d-8f4f-45bfa4787f36,a61533c7-7b4a-4a98-9f3f-8a4fdc54e531
CH4,world,kg/m3,"Expert judgement by the authors of Chapter 2, Volume 2 of the 2006 IPCC Guidelines. For details, see Section 2.3.2.1, Chapter 2, Volume 2 of the 2006 IPCC Guidelines.",0.1282,I.2.1,fuel-combustion-commercial-buildings-methodology,"{""commercial-building-fuel-type"":""fuel-type-liquefied-petroleum-gases""}",world,,bb439240-40c6-454e-b615-710561d13a19,ef86abfd-813b-494f-af74-7fb555f8f533
CH4,world,kg/m3,"Expert judgement by the authors of Chapter 2, Volume 2 of the 2006 IPCC Guidelines. For details, see Section 2.3.2.1, Chapter 2, Volume 2 of the 2006 IPCC Guidelines.",0.1282,I.1.1,fuel-combustion-residential-buildings-methodology,"{""residential-building-fuel-type"":""fuel-type-liquefied-petroleum-gases""}",world,,"8903456d-2535-4d02-9d74-525217e298af",d442d0db-2366-4c76-9669-4b6d3c62d6c6
N2O,world,kg/m3,"Expert judgement by the authors of Chapter 2, Volume 2 of the 2006 IPCC Guidelines. For details, see Section 2.3.2.1, Chapter 2, Volume 2 of the 2006 IPCC Guidelines.",0.000003465,I.4.1,fuel-combustion-energy-industries-methodology,"{""energy-industries-fuel-type"":""fuel-type-refinery-gas""}",world,,c9d07835-c324-4531-82df-96dee6d8fd2d,"3a4e2a3f-bdda-4827-a72d-bcc6b9e13863"
CH4,world,kg/m3,"Expert judgement by the authors of Chapter 2, Volume 2 of the 2006 IPCC Guidelines. For details, see Section 2.3.2.1, Chapter 2, Volume 2 of the 2006 IPCC Guidelines.",0.07092000000000001,I.4.1,fuel-combustion-energy-industries-methodology,"{""energy-industries-fuel-type"":""fuel-type-natural-gas-liquids""}",world,,c9d07835-c324-4531-82df-96dee6d8fd2d,ddfffd9b-f975-4487-87ca-1729ecda0775
CO2,world,kg/kg,"Expert judgement by the authors of Chapter 1, Volume 2 of the 2006 IPCC Guidelines. For details, see Section 1.4.2.1, Chapter 1, Volume 2 of the 2006 IPCC Guidelines.",1.1600000000000001,I.6.1,fuel-combustion-non-specific-sources-methodology,"{""non-specific-sources-fuel-type"":""fuel-type-other-primary-solid-biomass""}",world,,cb02c96d-885b-41d9-8e9e-f1c1f80da636,"7acc6932-0e42-4677-8716-dc993fa51420"
N2O,world,kg/kg,"Expert judgement by the authors of Chapter 2, Volume 2 of the 2006 IPCC Guidelines. For details, see Section 2.3.2.1, Chapter 2, Volume 2 of the 2006 IPCC Guidelines.",0.00002835,I.3.1,fuel-combustion-manufacturing-and-construction-methodology,"{""manufacturing-and-construction-fuel-type"":""fuel-type-sub-bituminous-coal""}",world,,"86010b25-82f8-4b0a-b289-8e770105902f","2c8e5d37-2ff1-4f9c-9904-d95b9bafa8bb"
CH4,world,kg/m3,"Expert judgement by the authors of Chapter 2, Volume 2 of the 2006 IPCC Guidelines. For details, see Section 2.3.2.1, Chapter 2, Volume 2 of the 2006 IPCC Guidelines.",0.0000210915,I.3.1,fuel-combustion-manufacturing-and-construction-methodology,"{""manufacturing-and-construction-fuel-type"":""fuel-type-coke-oven-gas""}",world,,"86010b25-82f8-4b0a-b289-8e770105902f",d6aec504-5419-4788-b87e-25c594c7c0d2
N2O,world,kg/m3,,0.0669,II.4.1,fuel-sales-aviation-methodology,"{""aviation-fuel-type"":""fuel-type-jet-gasoline""}",world,,"0e8d2d0c-35c5-4ad6-8e9a-fe8b8c8486e3","1d1a6c94-7f1e-4179-bd34-5d185a100979"
CO2,world,kg/m3,,1916.685,II.4.1,fuel-sales-aviation-methodology,"{""aviation-fuel-type"":""fuel-type-aviation-gasoline""}",world,,"0e8d2d0c-35c5-4ad6-8e9a-fe8b8c8486e3","69ff263f-ef19-44b3-b027-8d10d146ff2b"
CO2,world,kg/kg,,1.58646,II.1.1,fuel-sales-on-road-transport-methodology,"{""on-road-transport-fuel-type"":""fuel-type-biofuel""}",world,,a1d3f8df-a0dd-4e7d-8f4f-45bfa4787f36,ab5e2d7d-2bd9-41cb-8820-6b2ff35ba6c3
CO2,world,kg/TJ,,60600.0,II.3.1,fuel-sales-waterborne-navigation-methodology,"{""waterborne-navigation-fuel-type"":""fuel-type-diesel""}",world,,"31f31521-da7c-4a72-96f7-b3fcdbcc87d2","37c67059-ca3c-46de-9ee5-03f6cd8730b2"
N2O,world,kg/m3,,0.135876,II.1.1,fuel-sales-on-road-transport-methodology,"{""on-road-transport-fuel-type"":""fuel-type-gasoline""}",world,,a1d3f8df-a0dd-4e7d-8f4f-45bfa4787f36,"5bbff20b-3cd6-41b4-aa1f-ef910d7d5c6f"
N2O,world,kg/m3,"Expert judgement by the authors of Chapter 2, Volume 2 of the 2006 IPCC Guidelines. For details, see Section 2.3.2.1, Chapter 2, Volume 2 of the 2006 IPCC Guidelines.",0.000004,I.3.1,fuel-combustion-manufacturing-and-construction-methodology,"{""manufacturing-and-construction-fuel-type"":""fuel-type-natural-gas""}",world,,"86010b25-82f8-4b0a-b289-8e770105902f",faa19835-efd3-41ee-9763-55eff163eade
N2O,world,kg/kg,"Expert judgement by the authors of Chapter 2, Volume 2 of the 2006 IPCC Guidelines. For details, see Section 2.3.2.1, Chapter 2, Volume 2 of the 2006 IPCC Guidelines.",0.0000464,I.6.1,fuel-combustion-non-specific-sources-methodology,"{""non-specific-sources-fuel-type"":""fuel-type-other-primary-solid-biomass""}",world,,cb02c96d-885b-41d9-8e9e-f1c1f80da636,fe348d4b-406c-4174-80d5-f04bdebb965b
N2O,world,kg/kg,"Expert judgement by the authors of Chapter 2, Volume 2 of the 2006 IPCC Guidelines. For details, see Section 2.3.2.1, Chapter 2, Volume 2 of the 2006 IPCC Guidelines.",0.00002835,I.4.1,fuel-combustion-energy-industries-methodology,"{""energy-industries-fuel-type"":""fuel-type-sub-bituminous-coal""}",world,,c9d07835-c324-4531-82df-96dee6d8fd2d,"975dec7b-ced1-40f4-b4eb-e05557e52e6c"
N2O,world,kg/m3,"Expert judgement by the authors of Chapter 2, Volume 2 of the 2006 IPCC Guidelines. For details, see Section 2.3.2.1, Chapter 2, Volume 2 of the 2006 IPCC Guidelines.",0.0025640000000000003,I.1.1,fuel-combustion-residential-buildings-methodology,"{""residential-building-fuel-type"":""fuel-type-liquefied-petroleum-gases""}",world,,"8903456d-2535-4d02-9d74-525217e298af",c567c5ff-5adb-4e16-9838-da4f23d687ce
CO2,world,kg/m3,"Expert judgement by the authors of Chapter 1, Volume 2 of the 2006 IPCC Guidelines. For details, see Section 1.4.2.1, Chapter 1, Volume 2 of the 2006 IPCC Guidelines.",1190.5600000000002,I.6.1,fuel-combustion-non-specific-sources-methodology,"{""non-specific-sources-fuel-type"":""fuel-type-charcoal""}",world,,cb02c96d-885b-41d9-8e9e-f1c1f80da636,cb91a3c1-9d43-490b-b38b-146fe1d890e9
CO2,world,kg/m3,"Expert judgement by the authors of Chapter 1, Volume 2 of the 2006 IPCC Guidelines. For details, see Section 1.4.2.1, Chapter 1, Volume 2 of the 2006 IPCC Guidelines.",2414.4120000000003,I.1.1,fuel-combustion-residential-buildings-methodology,"{""residential-building-fuel-type"":""fuel-type-gasoline""}",world,,"8903456d-2535-4d02-9d74-525217e298af",fdf2a754-18a9-4543-85fe-3514983ffb95
CH4,world,kg/m3,"Expert judgement by the authors of Chapter 2, Volume 2 of the 2006 IPCC Guidelines. For details, see Section 2.3.2.1, Chapter 2, Volume 2 of the 2006 IPCC Guidelines.",1.10952,I.3.1,fuel-combustion-manufacturing-and-construction-methodology,"{""manufacturing-and-construction-fuel-type"":""fuel-type-waste-oils""}",world,,"86010b25-82f8-4b0a-b289-8e770105902f",c5ef2009-aeed-4ac7-8100-33df861c5d58
CO2,world,kg/m3,"Expert judgement by the authors of Chapter 1, Volume 2 of the 2006 IPCC Guidelines. For details, see Section 1.4.2.1, Chapter 1, Volume 2 of the 2006 IPCC Guidelines.",1617.884,I.6.1,fuel-combustion-non-specific-sources-methodology,"{""non-specific-sources-fuel-type"":""fuel-type-liquefied-petroleum-gases""}",world,,cb02c96d-885b-41d9-8e9e-f1c1f80da636,"7014b58f-5b8f-4965-8dfd-2bac30192132"
CH4,world,kg/kg,"Expert judgement by the authors of Chapter 2, Volume 2 of the 2006 IPCC Guidelines. For details, see Section 2.3.2.1, Chapter 2, Volume 2 of the 2006 IPCC Guidelines.",0.000267,I.3.1,fuel-combustion-manufacturing-and-construction-methodology,"{""manufacturing-and-construction-fuel-type"":""fuel-type-anthracite""}",world,,"86010b25-82f8-4b0a-b289-8e770105902f",b2069673-22a0-4eaf-8717-45248f86c4d6
CH4,world,kg/m3,"Expert judgement by the authors of Chapter 2, Volume 2 of the 2006 IPCC Guidelines. For details, see Section 2.3.2.1, Chapter 2, Volume 2 of the 2006 IPCC Guidelines.",0.00004,I.4.1,fuel-combustion-energy-industries-methodology,"{""energy-industries-fuel-type"":""fuel-type-natural-gas""}",world,,c9d07835-c324-4531-82df-96dee6d8fd2d,"86dcb849-abf9-4884-bda8-c2a858106cc3"
CH4,world,kg/kg,"Expert judgement by the authors of Chapter 2, Volume 2 of the 2006 IPCC Guidelines. For details, see Section 2.3.2.1, Chapter 2, Volume 2 of the 2006 IPCC Guidelines.",0.0000267,I.4.1,fuel-combustion-energy-industries-methodology,"{""energy-industries-fuel-type"":""fuel-type-anthracite""}",world,,c9d07835-c324-4531-82df-96dee6d8fd2d,"9dd054b1-0a74-4341-9122-867c99cec5b9"
CH4,world,kg/m3,,0.018815,II.4.1,fuel-sales-aviation-methodology,"{""aviation-fuel-type"":""fuel-type-jet-kerosene""}",world,,"0e8d2d0c-35c5-4ad6-8e9a-fe8b8c8486e3",d342f309-cfa2-4df1-ae46-609fa2750957
N2O,world,kg/m3,,0.07698,II.3.1,fuel-sales-waterborne-navigation-methodology,"{""waterborne-navigation-fuel-type"":""fuel-type-diesel""}",world,,"31f31521-da7c-4a72-96f7-b3fcdbcc87d2",b05d9cf9-9ae3-4d8d-9030-822deef4c0a8
N2O,world,kg/m3,,1.1008140000000002,II.2.1,fuel-sales-railways-methodology,"{""railways-fuel-type"":""fuel-type-diesel""}",world,,a4b789c8-6528-45d6-86bf-fc6d182abce7,"32602e96-f1c3-46bc-aab0-6560a28bce3c"
N2O,world,kg/TJ,,3.9,II.1.1,fuel-sales-on-road-transport-methodology,"{""on-road-transport-fuel-type"":""fuel-type-gasoline""}",world,,a1d3f8df-a0dd-4e7d-8f4f-45bfa4787f36,"360ce447-e1f4-4a60-a76b-1a60f6bda424"
CO2,world,kg/TJ,,60600.0,II.2.1,fuel-sales-railways-methodology,"{""railways-fuel-type"":""fuel-type-diesel""}",world,,a4b789c8-6528-45d6-86bf-fc6d182abce7,"4df68752-efcc-4f26-89e0-42bf17d0ffb7"
CH4,world,kg/m3,,0.6120000000000001,II.1.1,fuel-sales-on-road-transport-methodology,"{""on-road-transport-fuel-type"":""fuel-type-biofuel""}",world,,a1d3f8df-a0dd-4e7d-8f4f-45bfa4787f36,"2d408123-cf65-4733-87a4-e5f0bce642a6"
N2O,world,kg/kg,,0.0011233999999999999,II.1.1,fuel-sales-on-road-transport-methodology,"{""on-road-transport-fuel-type"":""fuel-type-biofuel""}",world,,a1d3f8df-a0dd-4e7d-8f4f-45bfa4787f36,b9356e8b-cb52-4589-bc4d-e46f301ffbc2
CO2,world,kg/m3,"Expert judgement by the authors of Chapter 1, Volume 2 of the 2006 IPCC Guidelines. For details, see Section 1.4.2.1, Chapter 1, Volume 2 of the 2006 IPCC Guidelines.",2852.1090000000004,I.6.1,fuel-combustion-non-specific-sources-methodology,"{""non-specific-sources-fuel-type"":""fuel-type-diesel-oil""}",world,,cb02c96d-885b-41d9-8e9e-f1c1f80da636,c6d3e315-c6af-4898-bca8-9ee033f3f20f
CO2,world,kg/m3,"Expert judgement by the authors of Chapter 1, Volume 2 of the 2006 IPCC Guidelines. For details, see Section 1.4.2.1, Chapter 1, Volume 2 of the 2006 IPCC Guidelines.",2273.238,I.4.1,fuel-combustion-energy-industries-methodology,"{""energy-industries-fuel-type"":""fuel-type-coking-coal""}",world,,c9d07835-c324-4531-82df-96dee6d8fd2d,f10f064b-73ca-428e-a605-9cef7337c380
CH4,world,kg/m3,"Expert judgement by the authors of Chapter 2, Volume 2 of the 2006 IPCC Guidelines. For details, see Section 2.3.2.1, Chapter 2, Volume 2 of the 2006 IPCC Guidelines.",0.11673,I.3.1,fuel-combustion-manufacturing-and-construction-methodology,"{""manufacturing-and-construction-fuel-type"":""fuel-type-gas-oil""}",world,,"86010b25-82f8-4b0a-b289-8e770105902f",b53f6887-c7f3-4937-a6fa-35d787c55f52
CO2,world,kg/kg,"Expert judgement by the authors of Chapter 1, Volume 2 of the 2006 IPCC Guidelines. For details, see Section 1.4.2.1, Chapter 1, Volume 2 of the 2006 IPCC Guidelines.",3.304,I.1.1,fuel-combustion-residential-buildings-methodology,"{""residential-building-fuel-type"":""fuel-type-charcoal""}",world,,"8903456d-2535-4d02-9d74-525217e298af","2148809b-1894-421c-8f95-2ef85c5ddc02"
CO2,world,kg/m3,"Expert judgement by the authors of Chapter 1, Volume 2 of the 2006 IPCC Guidelines. For details, see Section 1.4.2.1, Chapter 1, Volume 2 of the 2006 IPCC Guidelines.",2.244,I.4.1,fuel-combustion-energy-industries-methodology,"{""energy-industries-fuel-type"":""fuel-type-natural-gas""}",world,,c9d07835-c324-4531-82df-96dee6d8fd2d,b4773e86-8274-4a85-8c32-f7a363bada48
CO2,world,kg/kg,"Expert judgement by the authors of Chapter 1, Volume 2 of the 2006 IPCC Guidelines. For details, see Section 1.4.2.1, Chapter 1, Volume 2 of the 2006 IPCC Guidelines.",1.81629,I.3.1,fuel-combustion-manufacturing-and-construction-methodology,"{""manufacturing-and-construction-fuel-type"":""fuel-type-sub-bituminous-coal""}",world,,"86010b25-82f8-4b0a-b289-8e770105902f","663f9864-52de-47d2-ba5f-b6fa645d1548"
CO2,world,kg/m3,"Expert judgement by the authors of Chapter 1, Volume 2 of the 2006 IPCC Guidelines. For details, see Section 1.4.2.1, Chapter 1, Volume 2 of the 2006 IPCC Guidelines.",3127.734,I.4.1,fuel-combustion-energy-industries-methodology,"{""energy-industries-fuel-type"":""fuel-type-residual-fuel-oil""}",world,,c9d07835-c324-4531-82df-96dee6d8fd2d,c77ee606-6319-423a-bfa7-099b0bcd1287
CO2,world,kg/m3,"Expert judgement by the authors of Chapter 1, Volume 2 of the 2006 IPCC Guidelines. For details, see Section 1.4.2.1, Chapter 1, Volume 2 of the 2006 IPCC Guidelines.",2883.231,I.3.1,fuel-combustion-manufacturing-and-construction-methodology,"{""manufacturing-and-construction-fuel-type"":""fuel-type-gas-oil""}",world,,"86010b25-82f8-4b0a-b289-8e770105902f","926f6c51-d02b-4280-9a05-a693cf2fb809"
CO2,world,kg/m3,"Expert judgement by the authors of Chapter 1, Volume 2 of the 2006 IPCC Guidelines. For details, see Section 1.4.2.1, Chapter 1, Volume 2 of the 2006 IPCC Guidelines.",2.244,I.1.1,fuel-combustion-residential-buildings-methodology,"{""residential-building-fuel-type"":""fuel-type-natural-gas""}",world,,"8903456d-2535-4d02-9d74-525217e298af","5b591f8b-9b48-42d9-9197-ef81a089b776"
CO2,world,kg/m3,"Expert judgement by the authors of Chapter 1, Volume 2 of the 2006 IPCC Guidelines. For details, see Section 1.4.2.1, Chapter 1, Volume 2 of the 2006 IPCC Guidelines.",0.9364626,I.4.1,fuel-combustion-energy-industries-methodology,"{""energy-industries-fuel-type"":""fuel-type-coke-oven-gas""}",world,,c9d07835-c324-4531-82df-96dee6d8fd2d,"815a1880-653a-4559-bdcc-f8599bded85e"
N2O,world,kg/m3,"Expert judgement by the authors of Chapter 2, Volume 2 of the 2006 IPCC Guidelines. For details, see Section 2.3.2.1, Chapter 2, Volume 2 of the 2006 IPCC Guidelines.",0.024246,I.3.1,fuel-combustion-manufacturing-and-construction-methodology,"{""manufacturing-and-construction-fuel-type"":""fuel-type-residual-fuel-oil""}",world,,"86010b25-82f8-4b0a-b289-8e770105902f","7528304b-22a7-4305-b97e-6163c2deec28"
CO2,world,kg/m3,"Expert judgement by the authors of Chapter 1, Volume 2 of the 2006 IPCC Guidelines. For details, see Section 1.4.2.1, Chapter 1, Volume 2 of the 2006 IPCC Guidelines.",2710.9272,I.3.1,fuel-combustion-manufacturing-and-construction-methodology,"{""manufacturing-and-construction-fuel-type"":""fuel-type-waste-oils""}",world,,"86010b25-82f8-4b0a-b289-8e770105902f",a25ab822-18f9-4461-b5d4-595ec09f1ea6
CH4,world,kg/m3,"Expert judgement by the authors of Chapter 2, Volume 2 of the 2006 IPCC Guidelines. For details, see Section 2.3.2.1, Chapter 2, Volume 2 of the 2006 IPCC Guidelines.",0.10452,I.3.1,fuel-combustion-manufacturing-and-construction-methodology,"{""manufacturing-and-construction-fuel-type"":""fuel-type-naphtha""}",world,,"86010b25-82f8-4b0a-b289-8e770105902f","6362c808-146e-4f81-b44d-e02313bea50a"
N2O,world,kg/TJ,,3.9,II.1.1,fuel-sales-on-road-transport-methodology,"{""on-road-transport-fuel-type"":""fuel-type-diesel""}",world,,a1d3f8df-a0dd-4e7d-8f4f-45bfa4787f36,ef658ae4-0c80-4586-80c5-2d1d52533f97
CH4,world,kg/kg,,0.0004932,II.1.1,fuel-sales-on-road-transport-methodology,"{""on-road-transport-fuel-type"":""fuel-type-biofuel""}",world,,a1d3f8df-a0dd-4e7d-8f4f-45bfa4787f36,"74474a36-239a-4cbe-af52-85e9c4d0da3c"
CH4,world,kg/TJ,,7.0,II.3.1,fuel-sales-waterborne-navigation-methodology,"{""waterborne-navigation-fuel-type"":""fuel-type-diesel""}",world,,"31f31521-da7c-4a72-96f7-b3fcdbcc87d2",aa50caf6-e728-4a58-8d75-b8e98704f394
CH4,world,kg/TJ,,0.5,II.4.1,fuel-sales-aviation-methodology,"{""aviation-fuel-type"":""fuel-type-jet-gasoline""}",world,,"0e8d2d0c-35c5-4ad6-8e9a-fe8b8c8486e3","76ebe42c-486d-432f-9641-ce80c09fac80"
CO2,world,kg/m3,"Expert judgement by the authors of Chapter 1, Volume 2 of the 2006 IPCC Guidelines. For details, see Section 1.4.2.1, Chapter 1, Volume 2 of the 2006 IPCC Guidelines.",3127.734,I.3.1,fuel-combustion-manufacturing-and-construction-methodology,"{""manufacturing-and-construction-fuel-type"":""fuel-type-residual-fuel-oil""}",world,,"86010b25-82f8-4b0a-b289-8e770105902f","3caf4d5b-659f-4cf7-a28e-0b10c1b27503"
N2O,world,kg/m3,"Expert judgement by the authors of Chapter 2, Volume 2 of the 2006 IPCC Guidelines. For details, see Section 2.3.2.1, Chapter 2, Volume 2 of the 2006 IPCC Guidelines.",0.014184,I.3.1,fuel-combustion-manufacturing-and-construction-methodology,"{""manufacturing-and-construction-fuel-type"":""fuel-type-natural-gas-liquids""}",world,,"86010b25-82f8-4b0a-b289-8e770105902f","63b718d6-1516-4918-ae5a-23e8a32cee68"
CH4,world,kg/m3,"Expert judgement by the authors of Chapter 2, Volume 2 of the 2006 IPCC Guidelines. For details, see Section 2.3.2.1, Chapter 2, Volume 2 of the 2006 IPCC Guidelines.",2.1260000000000003,I.6.1,fuel-combustion-non-specific-sources-methodology,"{""non-specific-sources-fuel-type"":""fuel-type-charcoal""}",world,,cb02c96d-885b-41d9-8e9e-f1c1f80da636,"84b876c4-9efc-4497-8b3c-459fe8f98229"
CH4,world,kg/kg,"Expert judgement by the authors of Chapter 2, Volume 2 of the 2006 IPCC Guidelines. For details, see Section 2.3.2.1, Chapter 2, Volume 2 of the 2006 IPCC Guidelines.",0.0001206,I.3.1,fuel-combustion-manufacturing-and-construction-methodology,"{""manufacturing-and-construction-fuel-type"":""fuel-type-bitumen""}",world,,"86010b25-82f8-4b0a-b289-8e770105902f","1a865cc8-0480-4bdb-bb2a-d47fc4bcb7fc"
N2O,world,kg/m3,"Expert judgement by the authors of Chapter 2, Volume 2 of the 2006 IPCC Guidelines. For details, see Section 2.3.2.1, Chapter 2, Volume 2 of the 2006 IPCC Guidelines.",0.020904000000000002,I.3.1,fuel-combustion-manufacturing-and-construction-methodology,"{""manufacturing-and-construction-fuel-type"":""fuel-type-naphtha""}",world,,"86010b25-82f8-4b0a-b289-8e770105902f","623e71b9-dc38-4287-b933-af190cd002cc"
N2O,world,kg/kg,"Expert judgement by the authors of Chapter 2, Volume 2 of the 2006 IPCC Guidelines. For details, see Section 2.3.2.1, Chapter 2, Volume 2 of the 2006 IPCC Guidelines.",0.00004005,I.1.1,fuel-combustion-residential-buildings-methodology,"{""residential-building-fuel-type"":""fuel-type-anthracite""}",world,,"8903456d-2535-4d02-9d74-525217e298af","9cbebdf5-0a4e-41b8-a4b4-0daeb9ab23bb"
CH4,world,kg/m3,,0.15973350000000003,II.2.1,fuel-sales-railways-methodology,"{""railways-fuel-type"":""fuel-type-diesel""}",world,,a4b789c8-6528-45d6-86bf-fc6d182abce7,"79477199-02af-478d-80ab-bd8491d445f4"
CO2,world,kg/TJ,,57300.0,II.4.1,fuel-sales-aviation-methodology,"{""aviation-fuel-type"":""fuel-type-jet-gasoline""}",world,,"0e8d2d0c-35c5-4ad6-8e9a-fe8b8c8486e3","5ef3ffd2-dcef-4314-94ec-f71d6fa2e224"
CH4,world,kg/TJ,,0.5,II.4.1,fuel-sales-aviation-methodology,"{""aviation-fuel-type"":""fuel-type-aviation-gasoline""}",world,,"0e8d2d0c-35c5-4ad6-8e9a-fe8b8c8486e3","103294bd-6a05-4195-8dcd-19c6daed5fa9"
CH4,world,kg/kg,"Expert judgement by the authors of Chapter 2, Volume 2 of the 2006 IPCC Guidelines. For details, see Section 2.3.2.1, Chapter 2, Volume 2 of the 2006 IPCC Guidelines.",0.0059,I.6.1,fuel-combustion-non-specific-sources-methodology,"{""non-specific-sources-fuel-type"":""fuel-type-charcoal""}",world,,cb02c96d-885b-41d9-8e9e-f1c1f80da636,"2d4e542f-cfcd-463d-9266-e84ea1360ba6"
N2O,world,kg/m3,"Expert judgement by the authors of Chapter 2, Volume 2 of the 2006 IPCC Guidelines. For details, see Section 2.3.2.1, Chapter 2, Volume 2 of the 2006 IPCC Guidelines.",0.020904000000000002,I.1.1,fuel-combustion-residential-buildings-methodology,"{""residential-building-fuel-type"":""fuel-type-gasoline""}",world,,"8903456d-2535-4d02-9d74-525217e298af",fddf2feb-87b7-4b48-9f43-14e4f27f3122
CO2,world,kg/kg,"Expert judgement by the authors of Chapter 1, Volume 2 of the 2006 IPCC Guidelines. For details, see Section 1.4.2.1, Chapter 1, Volume 2 of the 2006 IPCC Guidelines.",2.276848,I.2.1,fuel-combustion-commercial-buildings-methodology,"{""commercial-building-fuel-type"":""fuel-type-wood-wood-waste""}",world,,bb439240-40c6-454e-b615-710561d13a19,"40f4640f-85dc-4d6b-8bf5-b7a9459d4808"
N2O,world,kg/m3,"Expert judgement by the authors of Chapter 2, Volume 2 of the 2006 IPCC Guidelines. For details, see Section 2.3.2.1, Chapter 2, Volume 2 of the 2006 IPCC Guidelines.",0.014184,I.4.1,fuel-combustion-energy-industries-methodology,"{""energy-industries-fuel-type"":""fuel-type-natural-gas-liquids""}",world,,c9d07835-c324-4531-82df-96dee6d8fd2d,"6e7d13db-a17d-4215-9252-83e41b2daf93"
CO2,world,kg/m3,"Expert judgement by the authors of Chapter 1, Volume 2 of the 2006 IPCC Guidelines. For details, see Section 1.4.2.1, Chapter 1, Volume 2 of the 2006 IPCC Guidelines.",2.244,I.3.1,fuel-combustion-manufacturing-and-construction-methodology,"{""manufacturing-and-construction-fuel-type"":""fuel-type-natural-gas""}",world,,"86010b25-82f8-4b0a-b289-8e770105902f","80be8197-1f43-4c1f-a385-f80cfc2df015"
CH4,world,kg/m3,"Expert judgement by the authors of Chapter 2, Volume 2 of the 2006 IPCC Guidelines. For details, see Section 2.3.2.1, Chapter 2, Volume 2 of the 2006 IPCC Guidelines.",0.0002,I.2.1,fuel-combustion-commercial-buildings-methodology,"{""commercial-building-fuel-type"":""fuel-type-natural-gas""}",world,,bb439240-40c6-454e-b615-710561d13a19,"01501b0b-28ee-46ad-ab3a-fb4b35a4fc47"
CH4,world,kg/m3,"Expert judgement by the authors of Chapter 2, Volume 2 of the 2006 IPCC Guidelines. For details, see Section 2.3.2.1, Chapter 2, Volume 2 of the 2006 IPCC Guidelines.",0.0000210915,I.4.1,fuel-combustion-energy-industries-methodology,"{""energy-industries-fuel-type"":""fuel-type-coke-oven-gas""}",world,,c9d07835-c324-4531-82df-96dee6d8fd2d,"6dcbb8e4-b74f-4def-a78d-a89c08a796ec"
N2O,world,kg/m3,"Expert judgement by the authors of Chapter 2, Volume 2 of the 2006 IPCC Guidelines. For details, see Section 2.3.2.1, Chapter 2, Volume 2 of the 2006 IPCC Guidelines.",0.01063,I.1.1,fuel-combustion-residential-buildings-methodology,"{""residential-building-fuel-type"":""fuel-type-charcoal""}",world,,"8903456d-2535-4d02-9d74-525217e298af","134e1475-ca43-4d0f-a055-17c6973fd1e0"
CH4,world,kg/kg,"Expert judgement by the authors of Chapter 2, Volume 2 of the 2006 IPCC Guidelines. For details, see Section 2.3.2.1, Chapter 2, Volume 2 of the 2006 IPCC Guidelines.",0.000119,I.3.1,fuel-combustion-manufacturing-and-construction-methodology,"{""manufacturing-and-construction-fuel-type"":""fuel-type-lignite""}",world,,"86010b25-82f8-4b0a-b289-8e770105902f",dd456f65-a8b0-4ba0-ab2c-26a5537b1356
N2O,world,kg/m3,"Expert judgement by the authors of Chapter 2, Volume 2 of the 2006 IPCC Guidelines. For details, see Section 2.3.2.1, Chapter 2, Volume 2 of the 2006 IPCC Guidelines.",0.023346,I.3.1,fuel-combustion-manufacturing-and-construction-methodology,"{""manufacturing-and-construction-fuel-type"":""fuel-type-gas-oil""}",world,,"86010b25-82f8-4b0a-b289-8e770105902f","2b613e94-15d4-4687-9f40-7b6559c7e083"
CH4,world,kg/m3,"Expert judgement by the authors of Chapter 2, Volume 2 of the 2006 IPCC Guidelines. For details, see Section 2.3.2.1, Chapter 2, Volume 2 of the 2006 IPCC Guidelines.",0.34840000000000004,I.1.1,fuel-combustion-residential-buildings-methodology,"{""residential-building-fuel-type"":""fuel-type-gasoline""}",world,,"8903456d-2535-4d02-9d74-525217e298af","81ee15c1-34de-427c-80ae-001cba1c84e4"
N2O,world,kg/kg,"Expert judgement by the authors of Chapter 2, Volume 2 of the 2006 IPCC Guidelines. For details, see Section 2.3.2.1, Chapter 2, Volume 2 of the 2006 IPCC Guidelines.",0.00004005,I.3.1,fuel-combustion-manufacturing-and-construction-methodology,"{""manufacturing-and-construction-fuel-type"":""fuel-type-anthracite""}",world,,"86010b25-82f8-4b0a-b289-8e770105902f","2cb145e2-50ec-4c6a-95ab-983de043f828"
CO2,world,kg/TJ,,57900.0,II.1.1,fuel-sales-on-road-transport-methodology,"{""on-road-transport-fuel-type"":""fuel-type-biofuel""}",world,,a1d3f8df-a0dd-4e7d-8f4f-45bfa4787f36,f9d6d8ec-0080-4fac-a0de-d1afb7d32067
CH4,world,kg/TJ,,3.9,II.1.1,fuel-sales-on-road-transport-methodology,"{""on-road-transport-fuel-type"":""fuel-type-diesel""}",world,,a1d3f8df-a0dd-4e7d-8f4f-45bfa4787f36,"64ae3972-8517-4ff2-bdd7-2bfb78b286a0"
N2O,world,kg/TJ,,2.0,II.4.1,fuel-sales-aviation-methodology,"{""aviation-fuel-type"":""fuel-type-aviation-gasoline""}",world,,"0e8d2d0c-35c5-4ad6-8e9a-fe8b8c8486e3","339bd1cf-3190-482b-894b-70545c68472e"
CO2,world,kg/TJ,,58500.0,II.4.1,fuel-sales-aviation-methodology,"{""aviation-fuel-type"":""fuel-type-jet-kerosene""}",world,,"0e8d2d0c-35c5-4ad6-8e9a-fe8b8c8486e3","44b1b780-7c83-4fd8-836d-6de87751b4c6"
CO2,world,kg/m3,"Expert judgement by the authors of Chapter 1, Volume 2 of the 2006 IPCC Guidelines. For details, see Section 1.4.2.1, Chapter 1, Volume 2 of the 2006 IPCC Guidelines.",2690.5449999999996,I.4.1,fuel-combustion-energy-industries-methodology,"{""energy-industries-fuel-type"":""fuel-type-jet-kerosene""}",world,,c9d07835-c324-4531-82df-96dee6d8fd2d,"2b738a4e-8173-48d2-9f95-7812cba516c4"
N2O,world,kg/m3,"Expert judgement by the authors of Chapter 2, Volume 2 of the 2006 IPCC Guidelines. For details, see Section 2.3.2.1, Chapter 2, Volume 2 of the 2006 IPCC Guidelines.",0.000004,I.2.1,fuel-combustion-commercial-buildings-methodology,"{""commercial-building-fuel-type"":""fuel-type-natural-gas""}",world,,bb439240-40c6-454e-b615-710561d13a19,"3e812590-f0b7-40ce-8069-8548b61ad9cb"
N2O,world,kg/m3,"Expert judgement by the authors of Chapter 2, Volume 2 of the 2006 IPCC Guidelines. For details, see Section 2.3.2.1, Chapter 2, Volume 2 of the 2006 IPCC Guidelines.",0.023346,I.6.1,fuel-combustion-non-specific-sources-methodology,"{""non-specific-sources-fuel-type"":""fuel-type-gas-oil""}",world,,cb02c96d-885b-41d9-8e9e-f1c1f80da636,"21438c1e-a99d-425d-b828-040c0114422d"
CO2,world,kg/TJ,,60600.0,II.5.1,fuel-sales-off-road-transport-methodology,"{""off-road-transport-fuel-type"":""fuel-type-diesel""}",world,,"43114cae-836f-4a7d-90cc-d16ca7ee136d","0026726c-b367-4658-95b7-253d32f9c9e6"
CH4,world,kg/TJ,,4.15,II.5.1,fuel-sales-off-road-transport-methodology,"{""off-road-transport-fuel-type"":""fuel-type-diesel""}",world,,"43114cae-836f-4a7d-90cc-d16ca7ee136d","44355951-b47b-4d61-b141-2903a5f667b5"
N2O,world,kg/m3,,1.1008140000000002,II.5.1,fuel-sales-off-road-transport-methodology,"{""off-road-transport-fuel-type"":""fuel-type-diesel""}",world,,"43114cae-836f-4a7d-90cc-d16ca7ee136d",c1c35957-4b77-4c87-929a-82b28addc446
CO2,world,kg/m3,,2332.494,II.5.1,fuel-sales-off-road-transport-methodology,"{""off-road-transport-fuel-type"":""fuel-type-diesel""}",world,,"43114cae-836f-4a7d-90cc-d16ca7ee136d",e563eaff-b064-4048-a169-8cf099322dac
CH4,world,kg/m3,,0.15973350000000003,II.5.1,fuel-sales-off-road-transport-methodology,"{""off-road-transport-fuel-type"":""fuel-type-diesel""}",world,,"43114cae-836f-4a7d-90cc-d16ca7ee136d","53690ac9-6881-4125-818d-9433b1087ad9"
N2O,world,kg/TJ,,28.6,II.5.1,fuel-sales-off-road-transport-methodology,"{""off-road-transport-fuel-type"":""fuel-type-diesel""}",world,,"43114cae-836f-4a7d-90cc-d16ca7ee136d",c3283908-7718-406e-bd24-71579313721a
CO2,world,kg/m3,,2111.304,II.5.1,fuel-sales-off-road-transport-methodology,"{""off-road-transport-fuel-type"":""fuel-type-gasoline""}",world,,"43114cae-836f-4a7d-90cc-d16ca7ee136d",adff623c-322d-4cc0-8b44-d0c935e01b97
N2O,world,kg/TJ,,2.0,II.5.1,fuel-sales-off-road-transport-methodology,"{""off-road-transport-fuel-type"":""fuel-type-gasoline""}",world,,"43114cae-836f-4a7d-90cc-d16ca7ee136d","76cef88b-28b6-4de9-8fee-8aae007e03ff"
CH4,world,kg/m3,,5.9228000000000005,II.5.1,fuel-sales-off-road-transport-methodology,"{""off-road-transport-fuel-type"":""fuel-type-gasoline""}",world,,"43114cae-836f-4a7d-90cc-d16ca7ee136d",b8e789b2-c7e0-41df-930e-fd37dd4f81e0
CH4,world,kg/m3,,2.7872000000000003,II.5.1,fuel-sales-off-road-transport-methodology,"{""off-road-transport-fuel-type"":""fuel-type-gasoline""}",world,,"43114cae-836f-4a7d-90cc-d16ca7ee136d","78d05ed8-10c6-4a9c-b6b9-50f9aac36d65"
CH4,world,kg/m3,,4.5292,II.5.1,fuel-sales-off-road-transport-methodology,"{""off-road-transport-fuel-type"":""fuel-type-gasoline""}",world,,"43114cae-836f-4a7d-90cc-d16ca7ee136d","0cb6be37-abec-42e7-81be-3c652b5ccaee"
CH4,world,kg/TJ,,170.0,II.5.1,fuel-sales-off-road-transport-methodology,"{""off-road-transport-fuel-type"":""fuel-type-gasoline""}",world,,"43114cae-836f-4a7d-90cc-d16ca7ee136d",e3d0fbe3-68e7-446c-aa77-42af5e4a301d
N2O,world,kg/m3,,0.013936000000000002,II.5.1,fuel-sales-off-road-transport-methodology,"{""off-road-transport-fuel-type"":""fuel-type-gasoline""}",world,,"43114cae-836f-4a7d-90cc-d16ca7ee136d",cb990e2a-97ee-4e4e-a76d-e4ba7ca84229
N2O,world,kg/TJ,,0.4,II.5.1,fuel-sales-off-road-transport-methodology,"{""off-road-transport-fuel-type"":""fuel-type-gasoline""}",world,,"43114cae-836f-4a7d-90cc-d16ca7ee136d","82dcaa12-f50e-45de-aa43-17bad968fa34"
CH4,world,kg/m3,,1.7420000000000002,II.5.1,fuel-sales-off-road-transport-methodology,"{""off-road-transport-fuel-type"":""fuel-type-gasoline""}",world,,"43114cae-836f-4a7d-90cc-d16ca7ee136d","3097c318-a729-4677-afbf-e01e343fc703"
CO2,world,kg/TJ,,60600.0,II.5.1,fuel-sales-off-road-transport-methodology,"{""off-road-transport-fuel-type"":""fuel-type-gasoline""}",world,,"43114cae-836f-4a7d-90cc-d16ca7ee136d","9cc675a3-a1b6-4bff-a418-d1b0671abfc3"
CH4,world,kg/m3,,4.8776,II.5.1,fuel-sales-off-road-transport-methodology,"{""off-road-transport-fuel-type"":""fuel-type-gasoline""}",world,,"43114cae-836f-4a7d-90cc-d16ca7ee136d","4c815e95-8317-4a8f-8abe-e795c5b0d89c"
CH4,world,kg/TJ,,140.0,II.5.1,fuel-sales-off-road-transport-methodology,"{""off-road-transport-fuel-type"":""fuel-type-gasoline""}",world,,"43114cae-836f-4a7d-90cc-d16ca7ee136d","30433cdc-9520-4221-921a-0ba61e1461a2"
CH4,world,kg/TJ,,180.0,II.5.1,fuel-sales-off-road-transport-methodology,"{""off-road-transport-fuel-type"":""fuel-type-gasoline""}",world,,"43114cae-836f-4a7d-90cc-d16ca7ee136d","5f730d04-7df7-424a-a639-53d83e88ba20"
CH4,world,kg/TJ,,50.0,II.5.1,fuel-sales-off-road-transport-methodology,"{""off-road-transport-fuel-type"":""fuel-type-gasoline""}",world,,"43114cae-836f-4a7d-90cc-d16ca7ee136d","25244040-c1dc-402f-b457-eb0f856625e4"
CH4,world,kg/m3,,4.1808000000000005,II.5.1,fuel-sales-off-road-transport-methodology,"{""off-road-transport-fuel-type"":""fuel-type-gasoline""}",world,,"43114cae-836f-4a7d-90cc-d16ca7ee136d",c22450ee-03f3-4f7e-83ad-d3967a95bde3
CH4,world,kg/TJ,,130.0,II.5.1,fuel-sales-off-road-transport-methodology,"{""off-road-transport-fuel-type"":""fuel-type-gasoline""}",world,,"43114cae-836f-4a7d-90cc-d16ca7ee136d",eaa5a91a-be5d-446f-a1d3-7d6b9efa0d3b
CH4,world,kg/m3,,6.2712,II.5.1,fuel-sales-off-road-transport-methodology,"{""off-road-transport-fuel-type"":""fuel-type-gasoline""}",world,,"43114cae-836f-4a7d-90cc-d16ca7ee136d","6e4dce94-7783-4765-81ea-08d79db73678"
CH4,world,kg/TJ,,80.0,II.5.1,fuel-sales-off-road-transport-methodology,"{""off-road-transport-fuel-type"":""fuel-type-gasoline""}",world,,"43114cae-836f-4a7d-90cc-d16ca7ee136d","6e263ff1-b35e-457d-aa01-a385ac3a2327"
N2O,world,kg/m3,,0.06968,II.5.1,fuel-sales-off-road-transport-methodology,"{""off-road-transport-fuel-type"":""fuel-type-gasoline""}",world,,"43114cae-836f-4a7d-90cc-d16ca7ee136d","4072fdeb-ec9e-4d5d-ae97-36798d2a4092"
CH4,world,kg/TJ,,120.0,II.5.1,fuel-sales-off-road-transport-methodology,"{""off-road-transport-fuel-type"":""fuel-type-gasoline""}",world,,"43114cae-836f-4a7d-90cc-d16ca7ee136d","654ffdb2-71db-422b-9dee-bb1f931433b1"
