region,formula_input_value,formula_input_units,datasource,actor_id,gas,parameter_code,parameter_name,year,formula_name,metadata,rnk,methodology_name,gpc_refno,methodology_id,formulainput_id
Afghanistan,58.0,g/capita/day,FAO stat,AF,N2O,protein,protein_consumption,,domestic-wastewater,,1,wastewater-inside-domestic-calculator-activity,III.4.1,4025beed-cbe5-301d-8cd6-f706531cba42,fd79088c-e91d-4e5c-a97f-e5036ed46170
Albania,101.0,g/capita/day,FAO stat,AL,N2O,protein,protein_consumption,,domestic-wastewater,,1,wastewater-inside-domestic-calculator-activity,III.4.1,4025beed-cbe5-301d-8cd6-f706531cba42,73afbc85-712b-425a-9c8b-f2227db39a26
Algeria,88.0,g/capita/day,FAO stat,DZ,N2O,protein,protein_consumption,,domestic-wastewater,,1,wastewater-inside-domestic-calculator-activity,III.4.1,4025beed-cbe5-301d-8cd6-f706531cba42,d3d1055b-1036-4f78-82ef-1abce3d887d7
Angola,54.0,g/capita/day,FAO stat,AO,N2O,protein,protein_consumption,,domestic-wastewater,,1,wastewater-inside-domestic-calculator-activity,III.4.1,4025beed-cbe5-301d-8cd6-f706531cba42,f288730b-fd4e-47b8-aacd-20bb83ef32b1
Argentina,99.0,g/capita/day,FAO stat,AR,N2O,protein,protein_consumption,,domestic-wastewater,,1,wastewater-inside-domestic-calculator-activity,III.4.1,4025beed-cbe5-301d-8cd6-f706531cba42,a5a04f5c-97e3-48b1-a7ee-0661a51c6ca6
Armenia,85.0,g/capita/day,FAO stat,AM,N2O,protein,protein_consumption,,domestic-wastewater,,1,wastewater-inside-domestic-calculator-activity,III.4.1,4025beed-cbe5-301d-8cd6-f706531cba42,133ceee4-1fb8-4bfe-9182-291d2126ecdd
Australia,104.0,g/capita/day,FAO stat,AU,N2O,protein,protein_consumption,,domestic-wastewater,,1,wastewater-inside-domestic-calculator-activity,III.4.1,4025beed-cbe5-301d-8cd6-f706531cba42,c1cae8b2-752e-4aac-a829-382b95d4c8d0
Austria,106.0,g/capita/day,FAO stat,AT,N2O,protein,protein_consumption,,domestic-wastewater,,1,wastewater-inside-domestic-calculator-activity,III.4.1,4025beed-cbe5-301d-8cd6-f706531cba42,50a74c8c-6002-45e6-a4b7-192c1aa175e0
Azerbaijan,88.0,g/capita/day,FAO stat,AZ,N2O,protein,protein_consumption,,domestic-wastewater,,1,wastewater-inside-domestic-calculator-activity,III.4.1,4025beed-cbe5-301d-8cd6-f706531cba42,2fbd1cad-1cac-44cb-970b-5aa7260c7c7e
Bangladesh,55.0,g/capita/day,FAO stat,BD,N2O,protein,protein_consumption,,domestic-wastewater,,1,wastewater-inside-domestic-calculator-activity,III.4.1,4025beed-cbe5-301d-8cd6-f706531cba42,a6268a15-2b9c-4958-8ef0-0560be874a97
Barbados,91.0,g/capita/day,FAO stat,BB,N2O,protein,protein_consumption,,domestic-wastewater,,1,wastewater-inside-domestic-calculator-activity,III.4.1,4025beed-cbe5-301d-8cd6-f706531cba42,d9de51e2-40e0-4da1-a608-9e5bd4ab4013
Belarus,92.0,g/capita/day,FAO stat,BY,N2O,protein,protein_consumption,,domestic-wastewater,,1,wastewater-inside-domestic-calculator-activity,III.4.1,4025beed-cbe5-301d-8cd6-f706531cba42,89fe38c9-4ab9-4c7b-adff-99a9f613d21d
Belgium,102.0,g/capita/day,FAO stat,BE,N2O,protein,protein_consumption,,domestic-wastewater,,1,wastewater-inside-domestic-calculator-activity,III.4.1,4025beed-cbe5-301d-8cd6-f706531cba42,5aba382f-cd3b-41c4-841b-5bb386e1b5f6
Belize,71.0,g/capita/day,FAO stat,BZ,N2O,protein,protein_consumption,,domestic-wastewater,,1,wastewater-inside-domestic-calculator-activity,III.4.1,4025beed-cbe5-301d-8cd6-f706531cba42,d99161e2-825b-4ef2-9b26-65d9409890b6
Benin,61.0,g/capita/day,FAO stat,BJ,N2O,protein,protein_consumption,,domestic-wastewater,,1,wastewater-inside-domestic-calculator-activity,III.4.1,4025beed-cbe5-301d-8cd6-f706531cba42,7af4b07c-7c6b-4ad6-90e8-c973d8d79c5e
Bermuda,89.0,g/capita/day,FAO stat,BM,N2O,protein,protein_consumption,,domestic-wastewater,,1,wastewater-inside-domestic-calculator-activity,III.4.1,4025beed-cbe5-301d-8cd6-f706531cba42,c0a3c3b3-4e32-4eb2-af23-45ce313814cd
Bolivia (Plurinational State of),64.0,g/capita/day,FAO stat,BO,N2O,protein,protein_consumption,,domestic-wastewater,,1,wastewater-inside-domestic-calculator-activity,III.4.1,4025beed-cbe5-301d-8cd6-f706531cba42,f9cd46d0-1325-45a6-a2a0-592d2d69588e
Bosnia and Herzegovina,90.0,g/capita/day,FAO stat,BA,N2O,protein,protein_consumption,,domestic-wastewater,,1,wastewater-inside-domestic-calculator-activity,III.4.1,4025beed-cbe5-301d-8cd6-f706531cba42,2f0b6889-a3a0-402f-9470-5a5e75dd17c8
Botswana,64.0,g/capita/day,FAO stat,BW,N2O,protein,protein_consumption,,domestic-wastewater,,1,wastewater-inside-domestic-calculator-activity,III.4.1,4025beed-cbe5-301d-8cd6-f706531cba42,f9f74ba3-d9b0-4e5e-a559-8ec7bab99b62
Brazil,92.0,g/capita/day,FAO stat,BR,N2O,protein,protein_consumption,,domestic-wastewater,,1,wastewater-inside-domestic-calculator-activity,III.4.1,4025beed-cbe5-301d-8cd6-f706531cba42,6523314d-cb64-45df-8144-0f8341a423d4
Brunei Darussalam,84.0,g/capita/day,FAO stat,BN,N2O,protein,protein_consumption,,domestic-wastewater,,1,wastewater-inside-domestic-calculator-activity,III.4.1,4025beed-cbe5-301d-8cd6-f706531cba42,eedbb0f9-4449-4270-816b-6f916aa4f46b
Bulgaria,82.0,g/capita/day,FAO stat,BG,N2O,protein,protein_consumption,,domestic-wastewater,,1,wastewater-inside-domestic-calculator-activity,III.4.1,4025beed-cbe5-301d-8cd6-f706531cba42,e4f7e741-2584-4c3c-a51a-51ac4825e8a9
Burkina Faso,80.0,g/capita/day,FAO stat,BF,N2O,protein,protein_consumption,,domestic-wastewater,,1,wastewater-inside-domestic-calculator-activity,III.4.1,4025beed-cbe5-301d-8cd6-f706531cba42,f92f9427-2d3b-42df-8dbd-094525f57919
Cabo Verde,75.0,g/capita/day,FAO stat,CV,N2O,protein,protein_consumption,,domestic-wastewater,,1,wastewater-inside-domestic-calculator-activity,III.4.1,4025beed-cbe5-301d-8cd6-f706531cba42,560e405a-6785-4308-bb62-a26cc73d150d
Cambodia,63.0,g/capita/day,FAO stat,KH,N2O,protein,protein_consumption,,domestic-wastewater,,1,wastewater-inside-domestic-calculator-activity,III.4.1,4025beed-cbe5-301d-8cd6-f706531cba42,8af774d7-13f7-412d-a5a0-5e67a3c28a48
Cameroon,68.0,g/capita/day,FAO stat,CM,N2O,protein,protein_consumption,,domestic-wastewater,,1,wastewater-inside-domestic-calculator-activity,III.4.1,4025beed-cbe5-301d-8cd6-f706531cba42,ab111e3b-c814-4817-8666-cb3d6ad1fe54
Canada,104.0,g/capita/day,FAO stat,CA,N2O,protein,protein_consumption,,domestic-wastewater,,1,wastewater-inside-domestic-calculator-activity,III.4.1,4025beed-cbe5-301d-8cd6-f706531cba42,ce456ee8-b196-4d34-95a4-2255a75f9d95
Central African Republic,53.0,g/capita/day,FAO stat,CF,N2O,protein,protein_consumption,,domestic-wastewater,,1,wastewater-inside-domestic-calculator-activity,III.4.1,4025beed-cbe5-301d-8cd6-f706531cba42,13cf0ba7-c4ac-4bab-b6b8-7c4daff85ae8
Chad,62.0,g/capita/day,FAO stat,TD,N2O,protein,protein_consumption,,domestic-wastewater,,1,wastewater-inside-domestic-calculator-activity,III.4.1,4025beed-cbe5-301d-8cd6-f706531cba42,1aaa2b73-679e-4660-bc93-681c68aadec5
Chile,85.0,g/capita/day,FAO stat,CL,N2O,protein,protein_consumption,,domestic-wastewater,,1,wastewater-inside-domestic-calculator-activity,III.4.1,4025beed-cbe5-301d-8cd6-f706531cba42,a7d017bb-99b1-4c9f-b420-92a621506a9b
China,94.0,g/capita/day,FAO stat,CN,N2O,protein,protein_consumption,,domestic-wastewater,,1,wastewater-inside-domestic-calculator-activity,III.4.1,4025beed-cbe5-301d-8cd6-f706531cba42,c7abcca0-e420-48c9-bb10-e12f75517f0e
Colombia,62.0,g/capita/day,FAO stat,CO,N2O,protein,protein_consumption,,domestic-wastewater,,1,wastewater-inside-domestic-calculator-activity,III.4.1,4025beed-cbe5-301d-8cd6-f706531cba42,01540ccf-d63d-405d-8601-762128a6ddbd
Congo,50.0,g/capita/day,FAO stat,CG,N2O,protein,protein_consumption,,domestic-wastewater,,1,wastewater-inside-domestic-calculator-activity,III.4.1,4025beed-cbe5-301d-8cd6-f706531cba42,a129394d-daaa-43bd-9856-bece002b838f
Costa Rica,76.0,g/capita/day,FAO stat,CR,N2O,protein,protein_consumption,,domestic-wastewater,,1,wastewater-inside-domestic-calculator-activity,III.4.1,4025beed-cbe5-301d-8cd6-f706531cba42,da1195c9-7009-4669-b573-aab2114a5ffb
Côte d'Ivoire,58.0,g/capita/day,FAO stat,CI,N2O,protein,protein_consumption,,domestic-wastewater,,1,wastewater-inside-domestic-calculator-activity,III.4.1,4025beed-cbe5-301d-8cd6-f706531cba42,b14d7115-9d6f-4c67-bfc1-41110ac48e02
Croatia,83.0,g/capita/day,FAO stat,HR,N2O,protein,protein_consumption,,domestic-wastewater,,1,wastewater-inside-domestic-calculator-activity,III.4.1,4025beed-cbe5-301d-8cd6-f706531cba42,cb283d01-a08d-4250-ad39-f560cb4770d8
Cuba,83.0,g/capita/day,FAO stat,CU,N2O,protein,protein_consumption,,domestic-wastewater,,1,wastewater-inside-domestic-calculator-activity,III.4.1,4025beed-cbe5-301d-8cd6-f706531cba42,8d2ba388-16e1-4520-a54d-8888ce443e57
Cyprus,79.0,g/capita/day,FAO stat,CY,N2O,protein,protein_consumption,,domestic-wastewater,,1,wastewater-inside-domestic-calculator-activity,III.4.1,4025beed-cbe5-301d-8cd6-f706531cba42,687d731a-e375-4053-968d-b1c40c0955c3
Czech Republic,92.0,g/capita/day,FAO stat,CZ,N2O,protein,protein_consumption,,domestic-wastewater,,1,wastewater-inside-domestic-calculator-activity,III.4.1,4025beed-cbe5-301d-8cd6-f706531cba42,e99a5616-d40a-4da3-bb19-438ac6d6e0ef
Democratic People's Republic of Korea,56.0,g/capita/day,FAO stat,KP,N2O,protein,protein_consumption,,domestic-wastewater,,1,wastewater-inside-domestic-calculator-activity,III.4.1,4025beed-cbe5-301d-8cd6-f706531cba42,6e3ceb4e-a29a-4751-9843-969f84c8984d
Denmark,107.0,g/capita/day,FAO stat,DK,N2O,protein,protein_consumption,,domestic-wastewater,,1,wastewater-inside-domestic-calculator-activity,III.4.1,4025beed-cbe5-301d-8cd6-f706531cba42,58565001-1a19-43cf-aadc-176d8eb99625
Djibouti,63.0,g/capita/day,FAO stat,DJ,N2O,protein,protein_consumption,,domestic-wastewater,,1,wastewater-inside-domestic-calculator-activity,III.4.1,4025beed-cbe5-301d-8cd6-f706531cba42,1f9b9694-362e-4369-bfa4-b4f08f80d298
Dominica,88.0,g/capita/day,FAO stat,DM,N2O,protein,protein_consumption,,domestic-wastewater,,1,wastewater-inside-domestic-calculator-activity,III.4.1,4025beed-cbe5-301d-8cd6-f706531cba42,5fb1c2f4-c3f1-4c70-ae3c-bbf131efeebf
Dominican Republic,58.0,g/capita/day,FAO stat,DO,N2O,protein,protein_consumption,,domestic-wastewater,,1,wastewater-inside-domestic-calculator-activity,III.4.1,4025beed-cbe5-301d-8cd6-f706531cba42,29227181-ec65-4a4d-b06e-019df543430b
Ecuador,66.0,g/capita/day,FAO stat,EC,N2O,protein,protein_consumption,,domestic-wastewater,,1,wastewater-inside-domestic-calculator-activity,III.4.1,4025beed-cbe5-301d-8cd6-f706531cba42,9c2abbfb-57db-4860-a259-cb2dba144c97
Egypt,102.0,g/capita/day,FAO stat,EG,N2O,protein,protein_consumption,,domestic-wastewater,,1,wastewater-inside-domestic-calculator-activity,III.4.1,4025beed-cbe5-301d-8cd6-f706531cba42,e91375b5-7640-4bd9-bdeb-7d9e42377cbd
El Salvador,70.0,g/capita/day,FAO stat,SV,N2O,protein,protein_consumption,,domestic-wastewater,,1,wastewater-inside-domestic-calculator-activity,III.4.1,4025beed-cbe5-301d-8cd6-f706531cba42,beb3072b-b396-4714-acda-ca0c59806c21
Estonia,96.0,g/capita/day,FAO stat,EE,N2O,protein,protein_consumption,,domestic-wastewater,,1,wastewater-inside-domestic-calculator-activity,III.4.1,4025beed-cbe5-301d-8cd6-f706531cba42,114fae7e-8e25-4f01-b3cc-aaabb0c3a225
Ethiopia,61.0,g/capita/day,FAO stat,ET,N2O,protein,protein_consumption,,domestic-wastewater,,1,wastewater-inside-domestic-calculator-activity,III.4.1,4025beed-cbe5-301d-8cd6-f706531cba42,ba22b7b4-19f5-4b82-b1fb-640db89922d0
Fiji,74.0,g/capita/day,FAO stat,FJ,N2O,protein,protein_consumption,,domestic-wastewater,,1,wastewater-inside-domestic-calculator-activity,III.4.1,4025beed-cbe5-301d-8cd6-f706531cba42,52fcb02b-dec1-4268-a2b9-cf4009164bb0
Finland,112.0,g/capita/day,FAO stat,FI,N2O,protein,protein_consumption,,domestic-wastewater,,1,wastewater-inside-domestic-calculator-activity,III.4.1,4025beed-cbe5-301d-8cd6-f706531cba42,16ace159-473e-496b-8c1c-5e12d0dccc95
France,113.0,g/capita/day,FAO stat,FR,N2O,protein,protein_consumption,,domestic-wastewater,,1,wastewater-inside-domestic-calculator-activity,III.4.1,4025beed-cbe5-301d-8cd6-f706531cba42,3b4acd5d-41f5-450a-b665-23c0cca6e9fd
Gabon,82.0,g/capita/day,FAO stat,GA,N2O,protein,protein_consumption,,domestic-wastewater,,1,wastewater-inside-domestic-calculator-activity,III.4.1,4025beed-cbe5-301d-8cd6-f706531cba42,d2b0f047-ef8a-4f32-b5b2-c0d4385e1537
Gambia,67.0,g/capita/day,FAO stat,GM,N2O,protein,protein_consumption,,domestic-wastewater,,1,wastewater-inside-domestic-calculator-activity,III.4.1,4025beed-cbe5-301d-8cd6-f706531cba42,1e68e3d2-0513-429a-a289-149f3b4a92d2
Georgia,75.0,g/capita/day,FAO stat,GE,N2O,protein,protein_consumption,,domestic-wastewater,,1,wastewater-inside-domestic-calculator-activity,III.4.1,4025beed-cbe5-301d-8cd6-f706531cba42,6749f523-9811-4704-907b-eecfb47268c6
Germany,103.0,g/capita/day,FAO stat,DE,N2O,protein,protein_consumption,,domestic-wastewater,,1,wastewater-inside-domestic-calculator-activity,III.4.1,4025beed-cbe5-301d-8cd6-f706531cba42,1cd8b9e3-ac99-4d57-8a80-4482be1e7620
Ghana,60.0,g/capita/day,FAO stat,GH,N2O,protein,protein_consumption,,domestic-wastewater,,1,wastewater-inside-domestic-calculator-activity,III.4.1,4025beed-cbe5-301d-8cd6-f706531cba42,dad3f5bd-aa36-40c5-896b-df30073ef999
Greece,112.0,g/capita/day,FAO stat,GR,N2O,protein,protein_consumption,,domestic-wastewater,,1,wastewater-inside-domestic-calculator-activity,III.4.1,4025beed-cbe5-301d-8cd6-f706531cba42,f94f2c5a-6018-4c43-8b72-2cbb6461c094
Guatemala,64.0,g/capita/day,FAO stat,GT,N2O,protein,protein_consumption,,domestic-wastewater,,1,wastewater-inside-domestic-calculator-activity,III.4.1,4025beed-cbe5-301d-8cd6-f706531cba42,33161e0e-ddc4-4d28-95ba-d2f7a6e82f20
Guinea,54.0,g/capita/day,FAO stat,GN,N2O,protein,protein_consumption,,domestic-wastewater,,1,wastewater-inside-domestic-calculator-activity,III.4.1,4025beed-cbe5-301d-8cd6-f706531cba42,7ab26bf0-a820-4bbd-baa9-3bef867fb9e3
Guinea-Bissau,43.0,g/capita/day,FAO stat,GW,N2O,protein,protein_consumption,,domestic-wastewater,,1,wastewater-inside-domestic-calculator-activity,III.4.1,4025beed-cbe5-301d-8cd6-f706531cba42,468e7212-be84-4e54-90bd-1a48e0971006
Guyana,75.0,g/capita/day,FAO stat,GY,N2O,protein,protein_consumption,,domestic-wastewater,,1,wastewater-inside-domestic-calculator-activity,III.4.1,4025beed-cbe5-301d-8cd6-f706531cba42,07144cc6-2ac7-4b7c-8528-ea084749b83e
Haiti,48.0,g/capita/day,FAO stat,HT,N2O,protein,protein_consumption,,domestic-wastewater,,1,wastewater-inside-domestic-calculator-activity,III.4.1,4025beed-cbe5-301d-8cd6-f706531cba42,79167d4c-939f-4c62-a7e8-9ecf12a164c0
Honduras,65.0,g/capita/day,FAO stat,HN,N2O,protein,protein_consumption,,domestic-wastewater,,1,wastewater-inside-domestic-calculator-activity,III.4.1,4025beed-cbe5-301d-8cd6-f706531cba42,0b8268f0-706d-4826-8bac-9403a2f7e348
Hungary,82.0,g/capita/day,FAO stat,HU,N2O,protein,protein_consumption,,domestic-wastewater,,1,wastewater-inside-domestic-calculator-activity,III.4.1,4025beed-cbe5-301d-8cd6-f706531cba42,61c55047-65a0-49c4-9cd5-a9c2721f498d
Iceland,132.0,g/capita/day,FAO stat,IS,N2O,protein,protein_consumption,,domestic-wastewater,,1,wastewater-inside-domestic-calculator-activity,III.4.1,4025beed-cbe5-301d-8cd6-f706531cba42,fb7cb261-0e21-4765-b07e-9260b6751d9d
India,59.0,g/capita/day,FAO stat,IN,N2O,protein,protein_consumption,,domestic-wastewater,,1,wastewater-inside-domestic-calculator-activity,III.4.1,4025beed-cbe5-301d-8cd6-f706531cba42,88a4ad70-03df-4b63-b022-a8c3e07d09ba
Indonesia,60.0,g/capita/day,FAO stat,ID,N2O,protein,protein_consumption,,domestic-wastewater,,1,wastewater-inside-domestic-calculator-activity,III.4.1,4025beed-cbe5-301d-8cd6-f706531cba42,24023693-cf10-43cd-b058-3adb8bbf4f99
Iran (Islamic Republic of),86.0,g/capita/day,FAO stat,IR,N2O,protein,protein_consumption,,domestic-wastewater,,1,wastewater-inside-domestic-calculator-activity,III.4.1,4025beed-cbe5-301d-8cd6-f706531cba42,41ac1774-7b8d-408f-8841-9f331bc69db4
Iraq,61.0,g/capita/day,FAO stat,IQ,N2O,protein,protein_consumption,,domestic-wastewater,,1,wastewater-inside-domestic-calculator-activity,III.4.1,4025beed-cbe5-301d-8cd6-f706531cba42,0257bba2-3394-4b19-bed2-f3a2f21d82e8
Ireland,108.0,g/capita/day,FAO stat,IE,N2O,protein,protein_consumption,,domestic-wastewater,,1,wastewater-inside-domestic-calculator-activity,III.4.1,4025beed-cbe5-301d-8cd6-f706531cba42,a84580e4-0938-4e89-a4a3-7ef9d5ad59a1
Israel,126.0,g/capita/day,FAO stat,IL,N2O,protein,protein_consumption,,domestic-wastewater,,1,wastewater-inside-domestic-calculator-activity,III.4.1,4025beed-cbe5-301d-8cd6-f706531cba42,4456e226-d4f3-4f94-b732-1af15f6898de
Italy,111.0,g/capita/day,FAO stat,IT,N2O,protein,protein_consumption,,domestic-wastewater,,1,wastewater-inside-domestic-calculator-activity,III.4.1,4025beed-cbe5-301d-8cd6-f706531cba42,de649c43-1d6a-46c4-9ebc-2b0dd88506be
Jamaica,77.0,g/capita/day,FAO stat,JM,N2O,protein,protein_consumption,,domestic-wastewater,,1,wastewater-inside-domestic-calculator-activity,III.4.1,4025beed-cbe5-301d-8cd6-f706531cba42,1c026bbf-d736-40d7-a22a-92d4d3751db4
Japan,88.0,g/capita/day,FAO stat,JP,N2O,protein,protein_consumption,,domestic-wastewater,,1,wastewater-inside-domestic-calculator-activity,III.4.1,4025beed-cbe5-301d-8cd6-f706531cba42,925d7b80-ea64-4741-b780-f77edb071747
Jordan,82.0,g/capita/day,FAO stat,JO,N2O,protein,protein_consumption,,domestic-wastewater,,1,wastewater-inside-domestic-calculator-activity,III.4.1,4025beed-cbe5-301d-8cd6-f706531cba42,4410070d-c143-4310-903e-0bf03fe7bc92
Kazakhstan,97.0,g/capita/day,FAO stat,KZ,N2O,protein,protein_consumption,,domestic-wastewater,,1,wastewater-inside-domestic-calculator-activity,III.4.1,4025beed-cbe5-301d-8cd6-f706531cba42,d7f967ae-9e4c-4e34-bcf1-8c0c8ca409f4
Kenya,61.0,g/capita/day,FAO stat,KE,N2O,protein,protein_consumption,,domestic-wastewater,,1,wastewater-inside-domestic-calculator-activity,III.4.1,4025beed-cbe5-301d-8cd6-f706531cba42,3d99a974-d94d-491b-a8a9-cc20bd18176a
Kiribati,74.0,g/capita/day,FAO stat,KI,N2O,protein,protein_consumption,,domestic-wastewater,,1,wastewater-inside-domestic-calculator-activity,III.4.1,4025beed-cbe5-301d-8cd6-f706531cba42,509c6079-897e-4f64-84aa-c379a4f4dc01
Kuwait,108.0,g/capita/day,FAO stat,KW,N2O,protein,protein_consumption,,domestic-wastewater,,1,wastewater-inside-domestic-calculator-activity,III.4.1,4025beed-cbe5-301d-8cd6-f706531cba42,02ff60dd-6f73-4e3d-b8ee-0f1ecc429b6d
Kyrgyzstan,85.0,g/capita/day,FAO stat,KG,N2O,protein,protein_consumption,,domestic-wastewater,,1,wastewater-inside-domestic-calculator-activity,III.4.1,4025beed-cbe5-301d-8cd6-f706531cba42,5acb220f-2adf-4f7d-a85e-1765d68cb43b
Lao People's Democratic Republic,63.0,g/capita/day,FAO stat,LA,N2O,protein,protein_consumption,,domestic-wastewater,,1,wastewater-inside-domestic-calculator-activity,III.4.1,4025beed-cbe5-301d-8cd6-f706531cba42,5fd93a04-fb4a-454a-bbe5-b6dadeef8a67
Latvia,97.0,g/capita/day,FAO stat,LV,N2O,protein,protein_consumption,,domestic-wastewater,,1,wastewater-inside-domestic-calculator-activity,III.4.1,4025beed-cbe5-301d-8cd6-f706531cba42,0a485a64-81e6-461c-bb76-b1917d0ef7fc
Lebanon,81.0,g/capita/day,FAO stat,LB,N2O,protein,protein_consumption,,domestic-wastewater,,1,wastewater-inside-domestic-calculator-activity,III.4.1,4025beed-cbe5-301d-8cd6-f706531cba42,07be77ff-3e35-42b5-925f-5fa3247da00b
Lesotho,74.0,g/capita/day,FAO stat,LS,N2O,protein,protein_consumption,,domestic-wastewater,,1,wastewater-inside-domestic-calculator-activity,III.4.1,4025beed-cbe5-301d-8cd6-f706531cba42,dd938925-a967-4647-b8e9-eb8b120beb5d
Liberia,37.0,g/capita/day,FAO stat,LR,N2O,protein,protein_consumption,,domestic-wastewater,,1,wastewater-inside-domestic-calculator-activity,III.4.1,4025beed-cbe5-301d-8cd6-f706531cba42,b4046361-79ae-44a4-923b-6614a0e255b2
Lithuania,124.0,g/capita/day,FAO stat,LT,N2O,protein,protein_consumption,,domestic-wastewater,,1,wastewater-inside-domestic-calculator-activity,III.4.1,4025beed-cbe5-301d-8cd6-f706531cba42,fa4f8328-999e-4fcb-a0b5-de9a6b1dc856
Luxembourg,112.0,g/capita/day,FAO stat,LU,N2O,protein,protein_consumption,,domestic-wastewater,,1,wastewater-inside-domestic-calculator-activity,III.4.1,4025beed-cbe5-301d-8cd6-f706531cba42,eeb06f4f-080b-4014-b351-7dcf6a18d95c
Madagascar,48.0,g/capita/day,FAO stat,MG,N2O,protein,protein_consumption,,domestic-wastewater,,1,wastewater-inside-domestic-calculator-activity,III.4.1,4025beed-cbe5-301d-8cd6-f706531cba42,ff6c8703-6866-42c0-abbb-927ee09d14ad
Malawi,62.0,g/capita/day,FAO stat,MW,N2O,protein,protein_consumption,,domestic-wastewater,,1,wastewater-inside-domestic-calculator-activity,III.4.1,4025beed-cbe5-301d-8cd6-f706531cba42,eba34cca-06e3-4d9c-95ba-1152ce12713a
Malaysia,79.0,g/capita/day,FAO stat,MY,N2O,protein,protein_consumption,,domestic-wastewater,,1,wastewater-inside-domestic-calculator-activity,III.4.1,4025beed-cbe5-301d-8cd6-f706531cba42,5de727d5-5da1-4b87-bc16-8b5c98672645
Maldives,105.0,g/capita/day,FAO stat,MV,N2O,protein,protein_consumption,,domestic-wastewater,,1,wastewater-inside-domestic-calculator-activity,III.4.1,4025beed-cbe5-301d-8cd6-f706531cba42,9107ce1c-64be-41a8-ae96-1c54a0870d32
Mali,82.0,g/capita/day,FAO stat,ML,N2O,protein,protein_consumption,,domestic-wastewater,,1,wastewater-inside-domestic-calculator-activity,III.4.1,4025beed-cbe5-301d-8cd6-f706531cba42,e72a5100-9a6a-49bb-a03d-4548e6dfdf85
Malta,109.0,g/capita/day,FAO stat,MT,N2O,protein,protein_consumption,,domestic-wastewater,,1,wastewater-inside-domestic-calculator-activity,III.4.1,4025beed-cbe5-301d-8cd6-f706531cba42,49f69c92-6892-4547-9ae7-4258d2ec7733
Mauritania,80.0,g/capita/day,FAO stat,MR,N2O,protein,protein_consumption,,domestic-wastewater,,1,wastewater-inside-domestic-calculator-activity,III.4.1,4025beed-cbe5-301d-8cd6-f706531cba42,ed22b78a-f74c-42c7-80c8-0d52ae118e7f
Mauritius,90.0,g/capita/day,FAO stat,MU,N2O,protein,protein_consumption,,domestic-wastewater,,1,wastewater-inside-domestic-calculator-activity,III.4.1,4025beed-cbe5-301d-8cd6-f706531cba42,6ebb9a32-968d-4a18-a45f-48c0f7b8f9b9
Mexico,86.0,g/capita/day,FAO stat,MX,N2O,protein,protein_consumption,,domestic-wastewater,,1,wastewater-inside-domestic-calculator-activity,III.4.1,4025beed-cbe5-301d-8cd6-f706531cba42,6109608c-0176-443f-baa4-1843bed204ef
Mongolia,78.0,g/capita/day,FAO stat,MN,N2O,protein,protein_consumption,,domestic-wastewater,,1,wastewater-inside-domestic-calculator-activity,III.4.1,4025beed-cbe5-301d-8cd6-f706531cba42,16b5651f-380d-4c60-b0dd-30741bba688a
Montenegro,111.0,g/capita/day,FAO stat,ME,N2O,protein,protein_consumption,,domestic-wastewater,,1,wastewater-inside-domestic-calculator-activity,III.4.1,4025beed-cbe5-301d-8cd6-f706531cba42,81aadab3-b3af-4ef0-95d9-1c3171ab3465
Morocco,94.0,g/capita/day,FAO stat,MA,N2O,protein,protein_consumption,,domestic-wastewater,,1,wastewater-inside-domestic-calculator-activity,III.4.1,4025beed-cbe5-301d-8cd6-f706531cba42,ad79df27-5018-4573-9777-21af42a5ff45
Mozambique,45.0,g/capita/day,FAO stat,MZ,N2O,protein,protein_consumption,,domestic-wastewater,,1,wastewater-inside-domestic-calculator-activity,III.4.1,4025beed-cbe5-301d-8cd6-f706531cba42,218ddeb5-34d7-4c00-bf25-31d7ba8f7c3a
Myanmar,79.0,g/capita/day,FAO stat,MM,N2O,protein,protein_consumption,,domestic-wastewater,,1,wastewater-inside-domestic-calculator-activity,III.4.1,4025beed-cbe5-301d-8cd6-f706531cba42,3c8f1019-80ab-434c-adc4-2c134135c0e4
Namibia,59.0,g/capita/day,FAO stat,NA,N2O,protein,protein_consumption,,domestic-wastewater,,1,wastewater-inside-domestic-calculator-activity,III.4.1,4025beed-cbe5-301d-8cd6-f706531cba42,20cd91dd-9fc8-43fb-831b-86bb041cc24c
Nepal,65.0,g/capita/day,FAO stat,NP,N2O,protein,protein_consumption,,domestic-wastewater,,1,wastewater-inside-domestic-calculator-activity,III.4.1,4025beed-cbe5-301d-8cd6-f706531cba42,b56f630b-bece-4158-b6b9-160c8fc2bf60
Netherlands,108.0,g/capita/day,FAO stat,NL,N2O,protein,protein_consumption,,domestic-wastewater,,1,wastewater-inside-domestic-calculator-activity,III.4.1,4025beed-cbe5-301d-8cd6-f706531cba42,1d38db5f-7160-423d-bd76-0549ceb15303
New Zealand,94.0,g/capita/day,FAO stat,NZ,N2O,protein,protein_consumption,,domestic-wastewater,,1,wastewater-inside-domestic-calculator-activity,III.4.1,4025beed-cbe5-301d-8cd6-f706531cba42,9fd06f20-ef3f-428a-acf2-14bf317bb08e
Nicaragua,65.0,g/capita/day,FAO stat,NI,N2O,protein,protein_consumption,,domestic-wastewater,,1,wastewater-inside-domestic-calculator-activity,III.4.1,4025beed-cbe5-301d-8cd6-f706531cba42,524131ff-1486-474f-a0ed-d68c7bdf4166
Niger,81.0,g/capita/day,FAO stat,NE,N2O,protein,protein_consumption,,domestic-wastewater,,1,wastewater-inside-domestic-calculator-activity,III.4.1,4025beed-cbe5-301d-8cd6-f706531cba42,0175850f-9a97-41aa-8eec-f57b68931810
Nigeria,64.0,g/capita/day,FAO stat,NG,N2O,protein,protein_consumption,,domestic-wastewater,,1,wastewater-inside-domestic-calculator-activity,III.4.1,4025beed-cbe5-301d-8cd6-f706531cba42,8f3eb3ca-a6c5-4dfa-b0a6-5e3795fe16d7
Norway,109.0,g/capita/day,FAO stat,NO,N2O,protein,protein_consumption,,domestic-wastewater,,1,wastewater-inside-domestic-calculator-activity,III.4.1,4025beed-cbe5-301d-8cd6-f706531cba42,65a7a64f-85f6-4b1c-abc8-9c1193f528e4
Oman,88.0,g/capita/day,FAO stat,OM,N2O,protein,protein_consumption,,domestic-wastewater,,1,wastewater-inside-domestic-calculator-activity,III.4.1,4025beed-cbe5-301d-8cd6-f706531cba42,5e4f331f-b372-411c-9cf8-0a2ffa93728b
Pakistan,64.0,g/capita/day,FAO stat,PK,N2O,protein,protein_consumption,,domestic-wastewater,,1,wastewater-inside-domestic-calculator-activity,III.4.1,4025beed-cbe5-301d-8cd6-f706531cba42,dedee3a4-9ad5-4c95-adef-3bf26b055f80
Panama,75.0,g/capita/day,FAO stat,PA,N2O,protein,protein_consumption,,domestic-wastewater,,1,wastewater-inside-domestic-calculator-activity,III.4.1,4025beed-cbe5-301d-8cd6-f706531cba42,a422f08d-d3d0-4d32-8907-f02dc4adbdef
Paraguay,67.0,g/capita/day,FAO stat,PY,N2O,protein,protein_consumption,,domestic-wastewater,,1,wastewater-inside-domestic-calculator-activity,III.4.1,4025beed-cbe5-301d-8cd6-f706531cba42,dc169cfe-e821-4786-8512-84276c37d87b
Peru,72.0,g/capita/day,FAO stat,PE,N2O,protein,protein_consumption,,domestic-wastewater,,1,wastewater-inside-domestic-calculator-activity,III.4.1,4025beed-cbe5-301d-8cd6-f706531cba42,bec95b5a-237a-4832-87b8-6b48d8098c28
Philippines,60.0,g/capita/day,FAO stat,PH,N2O,protein,protein_consumption,,domestic-wastewater,,1,wastewater-inside-domestic-calculator-activity,III.4.1,4025beed-cbe5-301d-8cd6-f706531cba42,0bd829bf-0915-4a21-8563-1dce5d302de8
Poland,101.0,g/capita/day,FAO stat,PL,N2O,protein,protein_consumption,,domestic-wastewater,,1,wastewater-inside-domestic-calculator-activity,III.4.1,4025beed-cbe5-301d-8cd6-f706531cba42,27b71570-622d-48de-8569-2cf3d0c707f3
Portugal,114.0,g/capita/day,FAO stat,PT,N2O,protein,protein_consumption,,domestic-wastewater,,1,wastewater-inside-domestic-calculator-activity,III.4.1,4025beed-cbe5-301d-8cd6-f706531cba42,7965ebbb-06f4-4384-bd0b-8f7c369314aa
Republic of Korea,93.0,g/capita/day,FAO stat,KR,N2O,protein,protein_consumption,,domestic-wastewater,,1,wastewater-inside-domestic-calculator-activity,III.4.1,4025beed-cbe5-301d-8cd6-f706531cba42,3412e4b1-67d6-4952-a76b-67004c760ca0
Republic of Moldova,72.0,g/capita/day,FAO stat,MD,N2O,protein,protein_consumption,,domestic-wastewater,,1,wastewater-inside-domestic-calculator-activity,III.4.1,4025beed-cbe5-301d-8cd6-f706531cba42,8c9699a6-0753-4c96-a724-5bac4f160ff4
Romania,106.0,g/capita/day,FAO stat,RO,N2O,protein,protein_consumption,,domestic-wastewater,,1,wastewater-inside-domestic-calculator-activity,III.4.1,4025beed-cbe5-301d-8cd6-f706531cba42,883d31e7-3e3e-425c-a82e-e75a1e4cb9e0
Russian Federation,101.0,g/capita/day,FAO stat,RU,N2O,protein,protein_consumption,,domestic-wastewater,,1,wastewater-inside-domestic-calculator-activity,III.4.1,4025beed-cbe5-301d-8cd6-f706531cba42,8e7eea30-675e-4c11-95b8-420d56475b76
Rwanda,53.0,g/capita/day,FAO stat,RW,N2O,protein,protein_consumption,,domestic-wastewater,,1,wastewater-inside-domestic-calculator-activity,III.4.1,4025beed-cbe5-301d-8cd6-f706531cba42,07393905-4ce1-4632-a76e-39c51ac04069
Saint Kitts and Nevis,75.0,g/capita/day,FAO stat,KN,N2O,protein,protein_consumption,,domestic-wastewater,,1,wastewater-inside-domestic-calculator-activity,III.4.1,4025beed-cbe5-301d-8cd6-f706531cba42,01827a58-bbb4-482f-ac68-dcedc01125d0
Saint Vincent and the Grenadines,89.0,g/capita/day,FAO stat,VC,N2O,protein,protein_consumption,,domestic-wastewater,,1,wastewater-inside-domestic-calculator-activity,III.4.1,4025beed-cbe5-301d-8cd6-f706531cba42,65522a12-19d1-4795-91b7-0629c857a102
Samoa,80.0,g/capita/day,FAO stat,WS,N2O,protein,protein_consumption,,domestic-wastewater,,1,wastewater-inside-domestic-calculator-activity,III.4.1,4025beed-cbe5-301d-8cd6-f706531cba42,861950a7-c922-4ce5-8e76-703e9d43c6ce
Sao Tome and Principe,61.0,g/capita/day,FAO stat,ST,N2O,protein,protein_consumption,,domestic-wastewater,,1,wastewater-inside-domestic-calculator-activity,III.4.1,4025beed-cbe5-301d-8cd6-f706531cba42,55838475-e96f-4b4e-982a-30f69d3c153b
Saudi Arabia,84.0,g/capita/day,FAO stat,SA,N2O,protein,protein_consumption,,domestic-wastewater,,1,wastewater-inside-domestic-calculator-activity,III.4.1,4025beed-cbe5-301d-8cd6-f706531cba42,e81f075e-c53c-431c-980d-9952205fa9fe
Senegal,60.0,g/capita/day,FAO stat,SN,N2O,protein,protein_consumption,,domestic-wastewater,,1,wastewater-inside-domestic-calculator-activity,III.4.1,4025beed-cbe5-301d-8cd6-f706531cba42,5e83b21f-b285-4b8f-9295-d2ac05afdbe0
Serbia,81.0,g/capita/day,FAO stat,RS,N2O,protein,protein_consumption,,domestic-wastewater,,1,wastewater-inside-domestic-calculator-activity,III.4.1,4025beed-cbe5-301d-8cd6-f706531cba42,00808bc7-3c0f-496a-aba0-33efcd916e29
Sierra Leone,55.0,g/capita/day,FAO stat,SL,N2O,protein,protein_consumption,,domestic-wastewater,,1,wastewater-inside-domestic-calculator-activity,III.4.1,4025beed-cbe5-301d-8cd6-f706531cba42,b7044a76-168b-42d0-8149-836666f515ef
Slovakia,74.0,g/capita/day,FAO stat,SK,N2O,protein,protein_consumption,,domestic-wastewater,,1,wastewater-inside-domestic-calculator-activity,III.4.1,4025beed-cbe5-301d-8cd6-f706531cba42,544d9f47-bbfb-4b84-ae40-55c09e1b80a5
Slovenia,100.0,g/capita/day,FAO stat,SI,N2O,protein,protein_consumption,,domestic-wastewater,,1,wastewater-inside-domestic-calculator-activity,III.4.1,4025beed-cbe5-301d-8cd6-f706531cba42,5d9ba0d5-66ed-43ce-84b0-29c3407f44b4
Solomon Islands,56.0,g/capita/day,FAO stat,SB,N2O,protein,protein_consumption,,domestic-wastewater,,1,wastewater-inside-domestic-calculator-activity,III.4.1,4025beed-cbe5-301d-8cd6-f706531cba42,7bc8af33-ad7c-4e26-9ca9-d5d39fdea934
South Africa,82.0,g/capita/day,FAO stat,ZA,N2O,protein,protein_consumption,,domestic-wastewater,,1,wastewater-inside-domestic-calculator-activity,III.4.1,4025beed-cbe5-301d-8cd6-f706531cba42,309101e1-eeda-469c-91d5-59d749563766
Spain,105.0,g/capita/day,FAO stat,ES,N2O,protein,protein_consumption,,domestic-wastewater,,1,wastewater-inside-domestic-calculator-activity,III.4.1,4025beed-cbe5-301d-8cd6-f706531cba42,daa1001c-73cb-4884-a774-d5daf625dccd
Sri Lanka,57.0,g/capita/day,FAO stat,LK,N2O,protein,protein_consumption,,domestic-wastewater,,1,wastewater-inside-domestic-calculator-activity,III.4.1,4025beed-cbe5-301d-8cd6-f706531cba42,03aee7e3-72e5-4ff1-8516-a82b3d81cf6f
Sudan (former),75.0,g/capita/day,FAO stat,SD,N2O,protein,protein_consumption,,domestic-wastewater,,1,wastewater-inside-domestic-calculator-activity,III.4.1,4025beed-cbe5-301d-8cd6-f706531cba42,f00a3953-fa2e-4d12-abee-cb7a296625c6
Suriname,62.0,g/capita/day,FAO stat,SR,N2O,protein,protein_consumption,,domestic-wastewater,,1,wastewater-inside-domestic-calculator-activity,III.4.1,4025beed-cbe5-301d-8cd6-f706531cba42,db4f35f0-5b0f-4f54-b90b-e255ec3b1026
Swaziland,56.0,g/capita/day,FAO stat,SZ,N2O,protein,protein_consumption,,domestic-wastewater,,1,wastewater-inside-domestic-calculator-activity,III.4.1,4025beed-cbe5-301d-8cd6-f706531cba42,f598f922-dfbf-48a2-b74f-26903d1c9987
Sweden,108.0,g/capita/day,FAO stat,SE,N2O,protein,protein_consumption,,domestic-wastewater,,1,wastewater-inside-domestic-calculator-activity,III.4.1,4025beed-cbe5-301d-8cd6-f706531cba42,c4164740-7277-4ebd-accf-b7dbac7144da
Switzerland,94.0,g/capita/day,FAO stat,CH,N2O,protein,protein_consumption,,domestic-wastewater,,1,wastewater-inside-domestic-calculator-activity,III.4.1,4025beed-cbe5-301d-8cd6-f706531cba42,21cd748f-67bd-4b73-a5c7-8cc8517eeea6
Tajikistan,52.0,g/capita/day,FAO stat,TJ,N2O,protein,protein_consumption,,domestic-wastewater,,1,wastewater-inside-domestic-calculator-activity,III.4.1,4025beed-cbe5-301d-8cd6-f706531cba42,cdb030a4-24ca-480d-9c1e-2805f70dfbb7
Thailand,59.0,g/capita/day,FAO stat,TH,N2O,protein,protein_consumption,,domestic-wastewater,,1,wastewater-inside-domestic-calculator-activity,III.4.1,4025beed-cbe5-301d-8cd6-f706531cba42,36880624-2b2f-46fe-9cf3-e781fa1d76c1
The former Yugoslav Republic of Macedonia,80.0,g/capita/day,FAO stat,MK,N2O,protein,protein_consumption,,domestic-wastewater,,1,wastewater-inside-domestic-calculator-activity,III.4.1,4025beed-cbe5-301d-8cd6-f706531cba42,a005fd6a-8b8c-41f1-80b3-65d0001c08cd
Timor-Leste,55.0,g/capita/day,FAO stat,TL,N2O,protein,protein_consumption,,domestic-wastewater,,1,wastewater-inside-domestic-calculator-activity,III.4.1,4025beed-cbe5-301d-8cd6-f706531cba42,30f131fe-11c7-4960-add0-bdbcc8c091c3
Togo,55.0,g/capita/day,FAO stat,TG,N2O,protein,protein_consumption,,domestic-wastewater,,1,wastewater-inside-domestic-calculator-activity,III.4.1,4025beed-cbe5-301d-8cd6-f706531cba42,da2eee57-c74a-4a0c-9bb8-8031593b0b38
Trinidad and Tobago,76.0,g/capita/day,FAO stat,TT,N2O,protein,protein_consumption,,domestic-wastewater,,1,wastewater-inside-domestic-calculator-activity,III.4.1,4025beed-cbe5-301d-8cd6-f706531cba42,ce6edcf5-1a1c-4385-9f49-62f3ee0ea054
Tunisia,97.0,g/capita/day,FAO stat,TN,N2O,protein,protein_consumption,,domestic-wastewater,,1,wastewater-inside-domestic-calculator-activity,III.4.1,4025beed-cbe5-301d-8cd6-f706531cba42,9304d1fe-5c2e-48f9-b381-b442aae974d6
Turkey,103.0,g/capita/day,FAO stat,TR,N2O,protein,protein_consumption,,domestic-wastewater,,1,wastewater-inside-domestic-calculator-activity,III.4.1,4025beed-cbe5-301d-8cd6-f706531cba42,b577accd-6442-4fe0-a579-4165c095256c
Turkmenistan,92.0,g/capita/day,FAO stat,TM,N2O,protein,protein_consumption,,domestic-wastewater,,1,wastewater-inside-domestic-calculator-activity,III.4.1,4025beed-cbe5-301d-8cd6-f706531cba42,2996eb14-1dd2-47e0-b631-d37e3e807415
Uganda,51.0,g/capita/day,FAO stat,UG,N2O,protein,protein_consumption,,domestic-wastewater,,1,wastewater-inside-domestic-calculator-activity,III.4.1,4025beed-cbe5-301d-8cd6-f706531cba42,1955aa72-7a73-4ec3-a64e-b4ef2d923825
Ukraine,86.0,g/capita/day,FAO stat,UA,N2O,protein,protein_consumption,,domestic-wastewater,,1,wastewater-inside-domestic-calculator-activity,III.4.1,4025beed-cbe5-301d-8cd6-f706531cba42,45147639-d5f2-4270-ba87-de1e4fa5b76d
United Arab Emirates,100.0,g/capita/day,FAO stat,AE,N2O,protein,protein_consumption,,domestic-wastewater,,1,wastewater-inside-domestic-calculator-activity,III.4.1,4025beed-cbe5-301d-8cd6-f706531cba42,0f4e3e0c-ce91-4e3d-a83f-569148512eb7
United Kingdom,102.0,g/capita/day,FAO stat,GB,N2O,protein,protein_consumption,,domestic-wastewater,,1,wastewater-inside-domestic-calculator-activity,III.4.1,4025beed-cbe5-301d-8cd6-f706531cba42,265af5a1-3fdd-417d-ad1b-d30622934660
United Republic of Tanzania,55.0,g/capita/day,FAO stat,TZ,N2O,protein,protein_consumption,,domestic-wastewater,,1,wastewater-inside-domestic-calculator-activity,III.4.1,4025beed-cbe5-301d-8cd6-f706531cba42,67f4da33-db59-4bcd-99b4-70db383063b9
United States of America,110.0,g/capita/day,FAO stat,US,N2O,protein,protein_consumption,,domestic-wastewater,,1,wastewater-inside-domestic-calculator-activity,III.4.1,4025beed-cbe5-301d-8cd6-f706531cba42,e9befad3-35b1-467c-9675-e76c087facc3
Uruguay,86.0,g/capita/day,FAO stat,UY,N2O,protein,protein_consumption,,domestic-wastewater,,1,wastewater-inside-domestic-calculator-activity,III.4.1,4025beed-cbe5-301d-8cd6-f706531cba42,b57c1f6f-dcb3-484d-a74b-9ea681d094ea
Uzbekistan,80.0,g/capita/day,FAO stat,UZ,N2O,protein,protein_consumption,,domestic-wastewater,,1,wastewater-inside-domestic-calculator-activity,III.4.1,4025beed-cbe5-301d-8cd6-f706531cba42,a7b4a64a-c291-4bc0-a807-e19d06ff4f57
Vanuatu,67.0,g/capita/day,FAO stat,VU,N2O,protein,protein_consumption,,domestic-wastewater,,1,wastewater-inside-domestic-calculator-activity,III.4.1,4025beed-cbe5-301d-8cd6-f706531cba42,307cea3f-8724-42fa-b8b5-a6912b7f31a6
Venezuela (Bolivarian Republic of),84.0,g/capita/day,FAO stat,VE,N2O,protein,protein_consumption,,domestic-wastewater,,1,wastewater-inside-domestic-calculator-activity,III.4.1,4025beed-cbe5-301d-8cd6-f706531cba42,af30c960-bba2-4ea2-a32a-a58cb227a12f
Viet Nam,76.0,g/capita/day,FAO stat,VN,N2O,protein,protein_consumption,,domestic-wastewater,,1,wastewater-inside-domestic-calculator-activity,III.4.1,4025beed-cbe5-301d-8cd6-f706531cba42,01828322-cdc4-42b5-8525-086ddd2846a0
Yemen,58.0,g/capita/day,FAO stat,YE,N2O,protein,protein_consumption,,domestic-wastewater,,1,wastewater-inside-domestic-calculator-activity,III.4.1,4025beed-cbe5-301d-8cd6-f706531cba42,c19f8652-dc28-46f7-b879-dd68ee614802
Zambia,52.0,,,ZM,N2O,protein,protein_consumption,,domestic-wastewater,,1,wastewater-inside-domestic-calculator-activity,III.4.1,4025beed-cbe5-301d-8cd6-f706531cba42,9fa84260-c43e-443b-8544-b44c03b1b352
Zimbabwe,53.0,,,ZW,N2O,protein,protein_consumption,,domestic-wastewater,,1,wastewater-inside-domestic-calculator-activity,III.4.1,4025beed-cbe5-301d-8cd6-f706531cba42,b368e069-3feb-4189-9d6e-04edbaea2e88
Afghanistan,58.0,g/capita/day,FAO stat,AF,N2O,protein,protein_consumption,,domestic-wastewater,,1,wastewater-outside-domestic-calculator-activity,III.4.2,b0da6b28-c5e0-3f8a-859f-96bac5ff7f6c,3eb30020-9c2f-4689-8f66-738d70eb584a
Albania,101.0,g/capita/day,FAO stat,AL,N2O,protein,protein_consumption,,domestic-wastewater,,1,wastewater-outside-domestic-calculator-activity,III.4.2,b0da6b28-c5e0-3f8a-859f-96bac5ff7f6c,919b0e8c-0a6a-4e7f-83a8-480783c899bd
Algeria,88.0,g/capita/day,FAO stat,DZ,N2O,protein,protein_consumption,,domestic-wastewater,,1,wastewater-outside-domestic-calculator-activity,III.4.2,b0da6b28-c5e0-3f8a-859f-96bac5ff7f6c,0d8348cf-e0d0-492a-bb96-0c4667dae00c
Angola,54.0,g/capita/day,FAO stat,AO,N2O,protein,protein_consumption,,domestic-wastewater,,1,wastewater-outside-domestic-calculator-activity,III.4.2,b0da6b28-c5e0-3f8a-859f-96bac5ff7f6c,0a623f5d-d2b6-42f7-9527-cbe532ca7168
Argentina,99.0,g/capita/day,FAO stat,AR,N2O,protein,protein_consumption,,domestic-wastewater,,1,wastewater-outside-domestic-calculator-activity,III.4.2,b0da6b28-c5e0-3f8a-859f-96bac5ff7f6c,2d39f084-541c-4388-8b76-a529b7009a24
Armenia,85.0,g/capita/day,FAO stat,AM,N2O,protein,protein_consumption,,domestic-wastewater,,1,wastewater-outside-domestic-calculator-activity,III.4.2,b0da6b28-c5e0-3f8a-859f-96bac5ff7f6c,6f60783a-a166-4482-b58d-830bd5d343ba
Australia,104.0,g/capita/day,FAO stat,AU,N2O,protein,protein_consumption,,domestic-wastewater,,1,wastewater-outside-domestic-calculator-activity,III.4.2,b0da6b28-c5e0-3f8a-859f-96bac5ff7f6c,b1a1ca26-7744-4434-880b-94b89d6d2637
Austria,106.0,g/capita/day,FAO stat,AT,N2O,protein,protein_consumption,,domestic-wastewater,,1,wastewater-outside-domestic-calculator-activity,III.4.2,b0da6b28-c5e0-3f8a-859f-96bac5ff7f6c,6946a10c-2944-4589-9e41-fbca1c0a6a16
Azerbaijan,88.0,g/capita/day,FAO stat,AZ,N2O,protein,protein_consumption,,domestic-wastewater,,1,wastewater-outside-domestic-calculator-activity,III.4.2,b0da6b28-c5e0-3f8a-859f-96bac5ff7f6c,20496fb3-f965-46e8-8e31-fb33820b7a0a
Bangladesh,55.0,g/capita/day,FAO stat,BD,N2O,protein,protein_consumption,,domestic-wastewater,,1,wastewater-outside-domestic-calculator-activity,III.4.2,b0da6b28-c5e0-3f8a-859f-96bac5ff7f6c,92896f81-b17b-46d3-9ddd-c89eb134ceb2
Barbados,91.0,g/capita/day,FAO stat,BB,N2O,protein,protein_consumption,,domestic-wastewater,,1,wastewater-outside-domestic-calculator-activity,III.4.2,b0da6b28-c5e0-3f8a-859f-96bac5ff7f6c,7e064451-4f18-4f31-978a-fa0fd520c5b2
Belarus,92.0,g/capita/day,FAO stat,BY,N2O,protein,protein_consumption,,domestic-wastewater,,1,wastewater-outside-domestic-calculator-activity,III.4.2,b0da6b28-c5e0-3f8a-859f-96bac5ff7f6c,325c67b4-bb97-4548-a9a0-a3527f63a298
Belgium,102.0,g/capita/day,FAO stat,BE,N2O,protein,protein_consumption,,domestic-wastewater,,1,wastewater-outside-domestic-calculator-activity,III.4.2,b0da6b28-c5e0-3f8a-859f-96bac5ff7f6c,3f333550-71f9-4da8-aa4e-5de79641d434
Belize,71.0,g/capita/day,FAO stat,BZ,N2O,protein,protein_consumption,,domestic-wastewater,,1,wastewater-outside-domestic-calculator-activity,III.4.2,b0da6b28-c5e0-3f8a-859f-96bac5ff7f6c,90b9155f-4ddd-43a7-bcd2-e733e8b32593
Benin,61.0,g/capita/day,FAO stat,BJ,N2O,protein,protein_consumption,,domestic-wastewater,,1,wastewater-outside-domestic-calculator-activity,III.4.2,b0da6b28-c5e0-3f8a-859f-96bac5ff7f6c,98644e91-c68a-47c5-8aae-3fdc45d7af78
Bermuda,89.0,g/capita/day,FAO stat,BM,N2O,protein,protein_consumption,,domestic-wastewater,,1,wastewater-outside-domestic-calculator-activity,III.4.2,b0da6b28-c5e0-3f8a-859f-96bac5ff7f6c,af3f72a8-72b6-4069-8fc3-0bda996666a0
Bolivia (Plurinational State of),64.0,g/capita/day,FAO stat,BO,N2O,protein,protein_consumption,,domestic-wastewater,,1,wastewater-outside-domestic-calculator-activity,III.4.2,b0da6b28-c5e0-3f8a-859f-96bac5ff7f6c,a193d612-a7b7-4d14-8902-a761769086fb
Bosnia and Herzegovina,90.0,g/capita/day,FAO stat,BA,N2O,protein,protein_consumption,,domestic-wastewater,,1,wastewater-outside-domestic-calculator-activity,III.4.2,b0da6b28-c5e0-3f8a-859f-96bac5ff7f6c,5a028cb6-74a2-4bbc-98fa-f932a0a13515
Botswana,64.0,g/capita/day,FAO stat,BW,N2O,protein,protein_consumption,,domestic-wastewater,,1,wastewater-outside-domestic-calculator-activity,III.4.2,b0da6b28-c5e0-3f8a-859f-96bac5ff7f6c,ddd3ed2a-20eb-4b85-992b-e21fa1066e8c
Brazil,92.0,g/capita/day,FAO stat,BR,N2O,protein,protein_consumption,,domestic-wastewater,,1,wastewater-outside-domestic-calculator-activity,III.4.2,b0da6b28-c5e0-3f8a-859f-96bac5ff7f6c,3ae921df-af7b-4162-bc8f-a63abfd07f39
Brunei Darussalam,84.0,g/capita/day,FAO stat,BN,N2O,protein,protein_consumption,,domestic-wastewater,,1,wastewater-outside-domestic-calculator-activity,III.4.2,b0da6b28-c5e0-3f8a-859f-96bac5ff7f6c,4efa3e17-21a7-4678-8fbc-e0319adeeee9
Bulgaria,82.0,g/capita/day,FAO stat,BG,N2O,protein,protein_consumption,,domestic-wastewater,,1,wastewater-outside-domestic-calculator-activity,III.4.2,b0da6b28-c5e0-3f8a-859f-96bac5ff7f6c,29bcddbe-6930-4ac7-a80f-34caaaede9c0
Burkina Faso,80.0,g/capita/day,FAO stat,BF,N2O,protein,protein_consumption,,domestic-wastewater,,1,wastewater-outside-domestic-calculator-activity,III.4.2,b0da6b28-c5e0-3f8a-859f-96bac5ff7f6c,a8870d80-ce47-43a2-a666-8dcba679693a
Cabo Verde,75.0,g/capita/day,FAO stat,CV,N2O,protein,protein_consumption,,domestic-wastewater,,1,wastewater-outside-domestic-calculator-activity,III.4.2,b0da6b28-c5e0-3f8a-859f-96bac5ff7f6c,fa600fa7-1e17-41db-90d4-834d05ad3f96
Cambodia,63.0,g/capita/day,FAO stat,KH,N2O,protein,protein_consumption,,domestic-wastewater,,1,wastewater-outside-domestic-calculator-activity,III.4.2,b0da6b28-c5e0-3f8a-859f-96bac5ff7f6c,9efae3e4-ef3d-49d3-909b-2ba6b5d0bfec
Cameroon,68.0,g/capita/day,FAO stat,CM,N2O,protein,protein_consumption,,domestic-wastewater,,1,wastewater-outside-domestic-calculator-activity,III.4.2,b0da6b28-c5e0-3f8a-859f-96bac5ff7f6c,287dae68-0b3d-4c2d-9a4c-b37498737bd5
Canada,104.0,g/capita/day,FAO stat,CA,N2O,protein,protein_consumption,,domestic-wastewater,,1,wastewater-outside-domestic-calculator-activity,III.4.2,b0da6b28-c5e0-3f8a-859f-96bac5ff7f6c,c3eb7394-91f0-4bd5-a0fa-fcedafad5597
Central African Republic,53.0,g/capita/day,FAO stat,CF,N2O,protein,protein_consumption,,domestic-wastewater,,1,wastewater-outside-domestic-calculator-activity,III.4.2,b0da6b28-c5e0-3f8a-859f-96bac5ff7f6c,f3b547c2-bc7b-4c02-bb8f-0ed92f01a6a3
Chad,62.0,g/capita/day,FAO stat,TD,N2O,protein,protein_consumption,,domestic-wastewater,,1,wastewater-outside-domestic-calculator-activity,III.4.2,b0da6b28-c5e0-3f8a-859f-96bac5ff7f6c,dc6ef1e0-230c-4f40-ac8b-08e4b7be923b
Chile,85.0,g/capita/day,FAO stat,CL,N2O,protein,protein_consumption,,domestic-wastewater,,1,wastewater-outside-domestic-calculator-activity,III.4.2,b0da6b28-c5e0-3f8a-859f-96bac5ff7f6c,e0bfe731-29c6-4051-a70e-230394eeee55
China,94.0,g/capita/day,FAO stat,CN,N2O,protein,protein_consumption,,domestic-wastewater,,1,wastewater-outside-domestic-calculator-activity,III.4.2,b0da6b28-c5e0-3f8a-859f-96bac5ff7f6c,43081c07-6d49-4051-9522-5bad8c74d3c4
Colombia,62.0,g/capita/day,FAO stat,CO,N2O,protein,protein_consumption,,domestic-wastewater,,1,wastewater-outside-domestic-calculator-activity,III.4.2,b0da6b28-c5e0-3f8a-859f-96bac5ff7f6c,58855d5b-e4b1-4e2b-8534-c1ad99c0aa17
Congo,50.0,g/capita/day,FAO stat,CG,N2O,protein,protein_consumption,,domestic-wastewater,,1,wastewater-outside-domestic-calculator-activity,III.4.2,b0da6b28-c5e0-3f8a-859f-96bac5ff7f6c,5a002c1b-a337-4ab1-ab82-df31f423b02c
Costa Rica,76.0,g/capita/day,FAO stat,CR,N2O,protein,protein_consumption,,domestic-wastewater,,1,wastewater-outside-domestic-calculator-activity,III.4.2,b0da6b28-c5e0-3f8a-859f-96bac5ff7f6c,77fd852f-7f21-4db8-aed9-532576b4ddab
Côte d'Ivoire,58.0,g/capita/day,FAO stat,CI,N2O,protein,protein_consumption,,domestic-wastewater,,1,wastewater-outside-domestic-calculator-activity,III.4.2,b0da6b28-c5e0-3f8a-859f-96bac5ff7f6c,384373df-c50c-4a66-875a-900a90458919
Croatia,83.0,g/capita/day,FAO stat,HR,N2O,protein,protein_consumption,,domestic-wastewater,,1,wastewater-outside-domestic-calculator-activity,III.4.2,b0da6b28-c5e0-3f8a-859f-96bac5ff7f6c,030e6758-db8c-4a14-859a-2351e61c996e
Cuba,83.0,g/capita/day,FAO stat,CU,N2O,protein,protein_consumption,,domestic-wastewater,,1,wastewater-outside-domestic-calculator-activity,III.4.2,b0da6b28-c5e0-3f8a-859f-96bac5ff7f6c,b3028253-47ad-4a71-b184-4c17eee7f637
Cyprus,79.0,g/capita/day,FAO stat,CY,N2O,protein,protein_consumption,,domestic-wastewater,,1,wastewater-outside-domestic-calculator-activity,III.4.2,b0da6b28-c5e0-3f8a-859f-96bac5ff7f6c,68723069-08d4-4f3d-9a2d-976baad64529
Czech Republic,92.0,g/capita/day,FAO stat,CZ,N2O,protein,protein_consumption,,domestic-wastewater,,1,wastewater-outside-domestic-calculator-activity,III.4.2,b0da6b28-c5e0-3f8a-859f-96bac5ff7f6c,ed351b61-75ad-4ca8-9f6a-024024ed2d81
Democratic People's Republic of Korea,56.0,g/capita/day,FAO stat,KP,N2O,protein,protein_consumption,,domestic-wastewater,,1,wastewater-outside-domestic-calculator-activity,III.4.2,b0da6b28-c5e0-3f8a-859f-96bac5ff7f6c,3c42fd8f-cb4f-496a-a199-6e5b5ced27aa
Denmark,107.0,g/capita/day,FAO stat,DK,N2O,protein,protein_consumption,,domestic-wastewater,,1,wastewater-outside-domestic-calculator-activity,III.4.2,b0da6b28-c5e0-3f8a-859f-96bac5ff7f6c,482686d8-376f-4fae-9e52-c68a930beb5e
Djibouti,63.0,g/capita/day,FAO stat,DJ,N2O,protein,protein_consumption,,domestic-wastewater,,1,wastewater-outside-domestic-calculator-activity,III.4.2,b0da6b28-c5e0-3f8a-859f-96bac5ff7f6c,105427ca-03f2-4adc-8d7e-00fd9d7004ad
Dominica,88.0,g/capita/day,FAO stat,DM,N2O,protein,protein_consumption,,domestic-wastewater,,1,wastewater-outside-domestic-calculator-activity,III.4.2,b0da6b28-c5e0-3f8a-859f-96bac5ff7f6c,873f571e-3d7d-4b60-8a55-b57a6e8a9b75
Dominican Republic,58.0,g/capita/day,FAO stat,DO,N2O,protein,protein_consumption,,domestic-wastewater,,1,wastewater-outside-domestic-calculator-activity,III.4.2,b0da6b28-c5e0-3f8a-859f-96bac5ff7f6c,87aacb6e-7f5d-4945-a1bd-93115411a2a4
Ecuador,66.0,g/capita/day,FAO stat,EC,N2O,protein,protein_consumption,,domestic-wastewater,,1,wastewater-outside-domestic-calculator-activity,III.4.2,b0da6b28-c5e0-3f8a-859f-96bac5ff7f6c,698c70ad-f387-4cf0-8821-4c22c1d45b94
Egypt,102.0,g/capita/day,FAO stat,EG,N2O,protein,protein_consumption,,domestic-wastewater,,1,wastewater-outside-domestic-calculator-activity,III.4.2,b0da6b28-c5e0-3f8a-859f-96bac5ff7f6c,61f0e6e2-6bf4-4d1a-a0b9-4d37f99493d3
El Salvador,70.0,g/capita/day,FAO stat,SV,N2O,protein,protein_consumption,,domestic-wastewater,,1,wastewater-outside-domestic-calculator-activity,III.4.2,b0da6b28-c5e0-3f8a-859f-96bac5ff7f6c,53cfc5a4-6f31-4dd1-8d2a-67f1900bffd3
Estonia,96.0,g/capita/day,FAO stat,EE,N2O,protein,protein_consumption,,domestic-wastewater,,1,wastewater-outside-domestic-calculator-activity,III.4.2,b0da6b28-c5e0-3f8a-859f-96bac5ff7f6c,36dbfbe5-6f35-49c7-a747-8ca7fff3df7f
Ethiopia,61.0,g/capita/day,FAO stat,ET,N2O,protein,protein_consumption,,domestic-wastewater,,1,wastewater-outside-domestic-calculator-activity,III.4.2,b0da6b28-c5e0-3f8a-859f-96bac5ff7f6c,d7d8a6a5-4589-489a-b713-88ff9880276b
Fiji,74.0,g/capita/day,FAO stat,FJ,N2O,protein,protein_consumption,,domestic-wastewater,,1,wastewater-outside-domestic-calculator-activity,III.4.2,b0da6b28-c5e0-3f8a-859f-96bac5ff7f6c,9c6fb8cd-f617-4610-97f0-aeb8ca0aba7a
Finland,112.0,g/capita/day,FAO stat,FI,N2O,protein,protein_consumption,,domestic-wastewater,,1,wastewater-outside-domestic-calculator-activity,III.4.2,b0da6b28-c5e0-3f8a-859f-96bac5ff7f6c,d1e6b3d1-ab70-4ad5-bcb4-61d385ddcc40
France,113.0,g/capita/day,FAO stat,FR,N2O,protein,protein_consumption,,domestic-wastewater,,1,wastewater-outside-domestic-calculator-activity,III.4.2,b0da6b28-c5e0-3f8a-859f-96bac5ff7f6c,0f07f6d8-3c87-4499-b35b-6a5f3eb811e1
Gabon,82.0,g/capita/day,FAO stat,GA,N2O,protein,protein_consumption,,domestic-wastewater,,1,wastewater-outside-domestic-calculator-activity,III.4.2,b0da6b28-c5e0-3f8a-859f-96bac5ff7f6c,4360c906-dcf8-43d3-a0cf-3c96065b64b8
Gambia,67.0,g/capita/day,FAO stat,GM,N2O,protein,protein_consumption,,domestic-wastewater,,1,wastewater-outside-domestic-calculator-activity,III.4.2,b0da6b28-c5e0-3f8a-859f-96bac5ff7f6c,438ddbc3-3b16-490a-a83f-fb8062e41747
Georgia,75.0,g/capita/day,FAO stat,GE,N2O,protein,protein_consumption,,domestic-wastewater,,1,wastewater-outside-domestic-calculator-activity,III.4.2,b0da6b28-c5e0-3f8a-859f-96bac5ff7f6c,8e667a22-255f-4b23-be2b-0129f7204083
Germany,103.0,g/capita/day,FAO stat,DE,N2O,protein,protein_consumption,,domestic-wastewater,,1,wastewater-outside-domestic-calculator-activity,III.4.2,b0da6b28-c5e0-3f8a-859f-96bac5ff7f6c,c0477d6a-6f15-47d4-9f68-cef1a5697efc
Ghana,60.0,g/capita/day,FAO stat,GH,N2O,protein,protein_consumption,,domestic-wastewater,,1,wastewater-outside-domestic-calculator-activity,III.4.2,b0da6b28-c5e0-3f8a-859f-96bac5ff7f6c,116b44f1-f31e-4ee2-a1f2-a5394039bc0e
Greece,112.0,g/capita/day,FAO stat,GR,N2O,protein,protein_consumption,,domestic-wastewater,,1,wastewater-outside-domestic-calculator-activity,III.4.2,b0da6b28-c5e0-3f8a-859f-96bac5ff7f6c,0a5785a8-d5df-4917-95d8-0977a8bf30de
Guatemala,64.0,g/capita/day,FAO stat,GT,N2O,protein,protein_consumption,,domestic-wastewater,,1,wastewater-outside-domestic-calculator-activity,III.4.2,b0da6b28-c5e0-3f8a-859f-96bac5ff7f6c,2e1d1bd6-44e3-4592-9245-bd79c232bf0e
Guinea,54.0,g/capita/day,FAO stat,GN,N2O,protein,protein_consumption,,domestic-wastewater,,1,wastewater-outside-domestic-calculator-activity,III.4.2,b0da6b28-c5e0-3f8a-859f-96bac5ff7f6c,88b7b900-f79f-454e-a2a2-e2c9d25b7d2d
Guinea-Bissau,43.0,g/capita/day,FAO stat,GW,N2O,protein,protein_consumption,,domestic-wastewater,,1,wastewater-outside-domestic-calculator-activity,III.4.2,b0da6b28-c5e0-3f8a-859f-96bac5ff7f6c,5ab427ac-4f29-4b1d-9de6-fa9483b1b5cb
Guyana,75.0,g/capita/day,FAO stat,GY,N2O,protein,protein_consumption,,domestic-wastewater,,1,wastewater-outside-domestic-calculator-activity,III.4.2,b0da6b28-c5e0-3f8a-859f-96bac5ff7f6c,4d4c631f-fd14-4cb5-a34c-54b6b99b463a
Haiti,48.0,g/capita/day,FAO stat,HT,N2O,protein,protein_consumption,,domestic-wastewater,,1,wastewater-outside-domestic-calculator-activity,III.4.2,b0da6b28-c5e0-3f8a-859f-96bac5ff7f6c,6d4a87b1-e2a7-4e12-a10a-d484d11e11b8
Honduras,65.0,g/capita/day,FAO stat,HN,N2O,protein,protein_consumption,,domestic-wastewater,,1,wastewater-outside-domestic-calculator-activity,III.4.2,b0da6b28-c5e0-3f8a-859f-96bac5ff7f6c,38355aa4-8752-43be-801c-9cadf127ac22
Hungary,82.0,g/capita/day,FAO stat,HU,N2O,protein,protein_consumption,,domestic-wastewater,,1,wastewater-outside-domestic-calculator-activity,III.4.2,b0da6b28-c5e0-3f8a-859f-96bac5ff7f6c,acee55b9-5127-41c2-bc2b-86df95246cf5
Iceland,132.0,g/capita/day,FAO stat,IS,N2O,protein,protein_consumption,,domestic-wastewater,,1,wastewater-outside-domestic-calculator-activity,III.4.2,b0da6b28-c5e0-3f8a-859f-96bac5ff7f6c,da3f7505-71bf-44cc-9fde-e0e391bea41f
India,59.0,g/capita/day,FAO stat,IN,N2O,protein,protein_consumption,,domestic-wastewater,,1,wastewater-outside-domestic-calculator-activity,III.4.2,b0da6b28-c5e0-3f8a-859f-96bac5ff7f6c,feca1a2f-8d06-466f-95ed-431fd0ba54b1
Indonesia,60.0,g/capita/day,FAO stat,ID,N2O,protein,protein_consumption,,domestic-wastewater,,1,wastewater-outside-domestic-calculator-activity,III.4.2,b0da6b28-c5e0-3f8a-859f-96bac5ff7f6c,157b7841-6179-4bef-b84d-2ff7cb4985ee
Iran (Islamic Republic of),86.0,g/capita/day,FAO stat,IR,N2O,protein,protein_consumption,,domestic-wastewater,,1,wastewater-outside-domestic-calculator-activity,III.4.2,b0da6b28-c5e0-3f8a-859f-96bac5ff7f6c,10991755-e0f4-4497-b003-7009448c739c
Iraq,61.0,g/capita/day,FAO stat,IQ,N2O,protein,protein_consumption,,domestic-wastewater,,1,wastewater-outside-domestic-calculator-activity,III.4.2,b0da6b28-c5e0-3f8a-859f-96bac5ff7f6c,64babaa6-4520-447b-ba2f-3849ac68c4ce
Ireland,108.0,g/capita/day,FAO stat,IE,N2O,protein,protein_consumption,,domestic-wastewater,,1,wastewater-outside-domestic-calculator-activity,III.4.2,b0da6b28-c5e0-3f8a-859f-96bac5ff7f6c,241a468e-6e81-4729-a07b-8f377f3c861a
Israel,126.0,g/capita/day,FAO stat,IL,N2O,protein,protein_consumption,,domestic-wastewater,,1,wastewater-outside-domestic-calculator-activity,III.4.2,b0da6b28-c5e0-3f8a-859f-96bac5ff7f6c,6f11259a-0233-4a53-bd3d-eb4d224777df
Italy,111.0,g/capita/day,FAO stat,IT,N2O,protein,protein_consumption,,domestic-wastewater,,1,wastewater-outside-domestic-calculator-activity,III.4.2,b0da6b28-c5e0-3f8a-859f-96bac5ff7f6c,bd5718dc-193a-4019-953a-9d0f7cdc3685
Jamaica,77.0,g/capita/day,FAO stat,JM,N2O,protein,protein_consumption,,domestic-wastewater,,1,wastewater-outside-domestic-calculator-activity,III.4.2,b0da6b28-c5e0-3f8a-859f-96bac5ff7f6c,0eb88f19-0747-4b15-b8f5-d0b6af1aa041
Japan,88.0,g/capita/day,FAO stat,JP,N2O,protein,protein_consumption,,domestic-wastewater,,1,wastewater-outside-domestic-calculator-activity,III.4.2,b0da6b28-c5e0-3f8a-859f-96bac5ff7f6c,72432d3b-8241-45ae-be09-0ec357422246
Jordan,82.0,g/capita/day,FAO stat,JO,N2O,protein,protein_consumption,,domestic-wastewater,,1,wastewater-outside-domestic-calculator-activity,III.4.2,b0da6b28-c5e0-3f8a-859f-96bac5ff7f6c,2fd4d034-f0a0-4916-bda7-9759e3dc8f73
Kazakhstan,97.0,g/capita/day,FAO stat,KZ,N2O,protein,protein_consumption,,domestic-wastewater,,1,wastewater-outside-domestic-calculator-activity,III.4.2,b0da6b28-c5e0-3f8a-859f-96bac5ff7f6c,684c3f45-406e-4507-bcf0-2c6ecae1db25
Kenya,61.0,g/capita/day,FAO stat,KE,N2O,protein,protein_consumption,,domestic-wastewater,,1,wastewater-outside-domestic-calculator-activity,III.4.2,b0da6b28-c5e0-3f8a-859f-96bac5ff7f6c,88322153-9a1b-4932-9ef3-6c7b18b30369
Kiribati,74.0,g/capita/day,FAO stat,KI,N2O,protein,protein_consumption,,domestic-wastewater,,1,wastewater-outside-domestic-calculator-activity,III.4.2,b0da6b28-c5e0-3f8a-859f-96bac5ff7f6c,0945f430-169c-40c7-bfe0-53f8bee3c53c
Kuwait,108.0,g/capita/day,FAO stat,KW,N2O,protein,protein_consumption,,domestic-wastewater,,1,wastewater-outside-domestic-calculator-activity,III.4.2,b0da6b28-c5e0-3f8a-859f-96bac5ff7f6c,59d6f11e-aeb0-4128-a3c2-a0ef86257593
Kyrgyzstan,85.0,g/capita/day,FAO stat,KG,N2O,protein,protein_consumption,,domestic-wastewater,,1,wastewater-outside-domestic-calculator-activity,III.4.2,b0da6b28-c5e0-3f8a-859f-96bac5ff7f6c,59f9c481-5369-4674-90dd-457bb984a607
Lao People's Democratic Republic,63.0,g/capita/day,FAO stat,LA,N2O,protein,protein_consumption,,domestic-wastewater,,1,wastewater-outside-domestic-calculator-activity,III.4.2,b0da6b28-c5e0-3f8a-859f-96bac5ff7f6c,19737895-b8b8-4b22-ad19-83a4d0bba08b
Latvia,97.0,g/capita/day,FAO stat,LV,N2O,protein,protein_consumption,,domestic-wastewater,,1,wastewater-outside-domestic-calculator-activity,III.4.2,b0da6b28-c5e0-3f8a-859f-96bac5ff7f6c,ada97fc6-7351-48cd-8f2e-d5e376abdff5
Lebanon,81.0,g/capita/day,FAO stat,LB,N2O,protein,protein_consumption,,domestic-wastewater,,1,wastewater-outside-domestic-calculator-activity,III.4.2,b0da6b28-c5e0-3f8a-859f-96bac5ff7f6c,f05fd0b0-b294-4b2e-8ff8-66ce86a72219
Lesotho,74.0,g/capita/day,FAO stat,LS,N2O,protein,protein_consumption,,domestic-wastewater,,1,wastewater-outside-domestic-calculator-activity,III.4.2,b0da6b28-c5e0-3f8a-859f-96bac5ff7f6c,d5fa0497-588d-43bb-bfd8-339bf5db6a35
Liberia,37.0,g/capita/day,FAO stat,LR,N2O,protein,protein_consumption,,domestic-wastewater,,1,wastewater-outside-domestic-calculator-activity,III.4.2,b0da6b28-c5e0-3f8a-859f-96bac5ff7f6c,89c06bbc-f725-4dd3-a0a5-9d2073ed798d
Lithuania,124.0,g/capita/day,FAO stat,LT,N2O,protein,protein_consumption,,domestic-wastewater,,1,wastewater-outside-domestic-calculator-activity,III.4.2,b0da6b28-c5e0-3f8a-859f-96bac5ff7f6c,1f544328-98e0-49a1-a771-dda81c4325b2
Luxembourg,112.0,g/capita/day,FAO stat,LU,N2O,protein,protein_consumption,,domestic-wastewater,,1,wastewater-outside-domestic-calculator-activity,III.4.2,b0da6b28-c5e0-3f8a-859f-96bac5ff7f6c,3b1979da-b7ef-4cd9-9295-e85e6a9792fc
Madagascar,48.0,g/capita/day,FAO stat,MG,N2O,protein,protein_consumption,,domestic-wastewater,,1,wastewater-outside-domestic-calculator-activity,III.4.2,b0da6b28-c5e0-3f8a-859f-96bac5ff7f6c,c225086a-642c-4be1-8950-01eb199fa52f
Malawi,62.0,g/capita/day,FAO stat,MW,N2O,protein,protein_consumption,,domestic-wastewater,,1,wastewater-outside-domestic-calculator-activity,III.4.2,b0da6b28-c5e0-3f8a-859f-96bac5ff7f6c,b4e563c9-62d4-4e4b-82ab-9a528ca2e6d3
Malaysia,79.0,g/capita/day,FAO stat,MY,N2O,protein,protein_consumption,,domestic-wastewater,,1,wastewater-outside-domestic-calculator-activity,III.4.2,b0da6b28-c5e0-3f8a-859f-96bac5ff7f6c,8bbe22eb-e46d-47b7-9197-16a66039036d
Maldives,105.0,g/capita/day,FAO stat,MV,N2O,protein,protein_consumption,,domestic-wastewater,,1,wastewater-outside-domestic-calculator-activity,III.4.2,b0da6b28-c5e0-3f8a-859f-96bac5ff7f6c,82966058-d95f-403a-b8c2-00cf6310c6de
Mali,82.0,g/capita/day,FAO stat,ML,N2O,protein,protein_consumption,,domestic-wastewater,,1,wastewater-outside-domestic-calculator-activity,III.4.2,b0da6b28-c5e0-3f8a-859f-96bac5ff7f6c,681e13a5-c618-4049-ab28-0e0ef8a7aa66
Malta,109.0,g/capita/day,FAO stat,MT,N2O,protein,protein_consumption,,domestic-wastewater,,1,wastewater-outside-domestic-calculator-activity,III.4.2,b0da6b28-c5e0-3f8a-859f-96bac5ff7f6c,d63ee512-b2a0-4205-8969-a3840d2b480b
Mauritania,80.0,g/capita/day,FAO stat,MR,N2O,protein,protein_consumption,,domestic-wastewater,,1,wastewater-outside-domestic-calculator-activity,III.4.2,b0da6b28-c5e0-3f8a-859f-96bac5ff7f6c,0ccc9e1e-7a53-47c9-9a71-14215c0b4bb3
Mauritius,90.0,g/capita/day,FAO stat,MU,N2O,protein,protein_consumption,,domestic-wastewater,,1,wastewater-outside-domestic-calculator-activity,III.4.2,b0da6b28-c5e0-3f8a-859f-96bac5ff7f6c,b95921e6-308f-4647-b2a9-4e52975e1047
Mexico,86.0,g/capita/day,FAO stat,MX,N2O,protein,protein_consumption,,domestic-wastewater,,1,wastewater-outside-domestic-calculator-activity,III.4.2,b0da6b28-c5e0-3f8a-859f-96bac5ff7f6c,185a2202-961a-433a-8873-b447500a3d3e
Mongolia,78.0,g/capita/day,FAO stat,MN,N2O,protein,protein_consumption,,domestic-wastewater,,1,wastewater-outside-domestic-calculator-activity,III.4.2,b0da6b28-c5e0-3f8a-859f-96bac5ff7f6c,edbc9484-d257-4b33-b3cd-c6311e7b341b
Montenegro,111.0,g/capita/day,FAO stat,ME,N2O,protein,protein_consumption,,domestic-wastewater,,1,wastewater-outside-domestic-calculator-activity,III.4.2,b0da6b28-c5e0-3f8a-859f-96bac5ff7f6c,cacdc3b0-5115-44fa-9edf-5299d3085c00
Morocco,94.0,g/capita/day,FAO stat,MA,N2O,protein,protein_consumption,,domestic-wastewater,,1,wastewater-outside-domestic-calculator-activity,III.4.2,b0da6b28-c5e0-3f8a-859f-96bac5ff7f6c,f462fdbd-ff86-453b-b44f-b3c928db8956
Mozambique,45.0,g/capita/day,FAO stat,MZ,N2O,protein,protein_consumption,,domestic-wastewater,,1,wastewater-outside-domestic-calculator-activity,III.4.2,b0da6b28-c5e0-3f8a-859f-96bac5ff7f6c,ee56dfa3-a30d-411d-9bab-2041ee862e27
Myanmar,79.0,g/capita/day,FAO stat,MM,N2O,protein,protein_consumption,,domestic-wastewater,,1,wastewater-outside-domestic-calculator-activity,III.4.2,b0da6b28-c5e0-3f8a-859f-96bac5ff7f6c,0f89a9fd-4c12-4a8c-a10b-6bfa49dcebdc
Namibia,59.0,g/capita/day,FAO stat,NA,N2O,protein,protein_consumption,,domestic-wastewater,,1,wastewater-outside-domestic-calculator-activity,III.4.2,b0da6b28-c5e0-3f8a-859f-96bac5ff7f6c,ec4617a2-8973-420b-b6b4-3f5aaa791aca
Nepal,65.0,g/capita/day,FAO stat,NP,N2O,protein,protein_consumption,,domestic-wastewater,,1,wastewater-outside-domestic-calculator-activity,III.4.2,b0da6b28-c5e0-3f8a-859f-96bac5ff7f6c,f01560bd-dcda-4eaa-9735-3bfa111090c9
Netherlands,108.0,g/capita/day,FAO stat,NL,N2O,protein,protein_consumption,,domestic-wastewater,,1,wastewater-outside-domestic-calculator-activity,III.4.2,b0da6b28-c5e0-3f8a-859f-96bac5ff7f6c,44791089-1389-4ec5-a15e-a51af9a94424
New Zealand,94.0,g/capita/day,FAO stat,NZ,N2O,protein,protein_consumption,,domestic-wastewater,,1,wastewater-outside-domestic-calculator-activity,III.4.2,b0da6b28-c5e0-3f8a-859f-96bac5ff7f6c,7da1a3c2-db9c-47c0-8995-52eb9ba48701
Nicaragua,65.0,g/capita/day,FAO stat,NI,N2O,protein,protein_consumption,,domestic-wastewater,,1,wastewater-outside-domestic-calculator-activity,III.4.2,b0da6b28-c5e0-3f8a-859f-96bac5ff7f6c,4e4617c7-9106-4b3a-9e39-24602e29ce4c
Niger,81.0,g/capita/day,FAO stat,NE,N2O,protein,protein_consumption,,domestic-wastewater,,1,wastewater-outside-domestic-calculator-activity,III.4.2,b0da6b28-c5e0-3f8a-859f-96bac5ff7f6c,3dad096a-6d0d-42ac-b7fc-b5d5d22a84e0
Nigeria,64.0,g/capita/day,FAO stat,NG,N2O,protein,protein_consumption,,domestic-wastewater,,1,wastewater-outside-domestic-calculator-activity,III.4.2,b0da6b28-c5e0-3f8a-859f-96bac5ff7f6c,83cf0743-82f5-47d5-b3f1-ba18c033b31a
Norway,109.0,g/capita/day,FAO stat,NO,N2O,protein,protein_consumption,,domestic-wastewater,,1,wastewater-outside-domestic-calculator-activity,III.4.2,b0da6b28-c5e0-3f8a-859f-96bac5ff7f6c,c3f91d58-ce69-4697-9465-452eb70b67c3
Oman,88.0,g/capita/day,FAO stat,OM,N2O,protein,protein_consumption,,domestic-wastewater,,1,wastewater-outside-domestic-calculator-activity,III.4.2,b0da6b28-c5e0-3f8a-859f-96bac5ff7f6c,52efdf40-619b-4b8e-815d-b1b97e330338
Pakistan,64.0,g/capita/day,FAO stat,PK,N2O,protein,protein_consumption,,domestic-wastewater,,1,wastewater-outside-domestic-calculator-activity,III.4.2,b0da6b28-c5e0-3f8a-859f-96bac5ff7f6c,94b1cc39-4adf-4fb1-b419-88129a921aef
Panama,75.0,g/capita/day,FAO stat,PA,N2O,protein,protein_consumption,,domestic-wastewater,,1,wastewater-outside-domestic-calculator-activity,III.4.2,b0da6b28-c5e0-3f8a-859f-96bac5ff7f6c,e8fa745b-32ab-4cc6-b96b-f928d76352cb
Paraguay,67.0,g/capita/day,FAO stat,PY,N2O,protein,protein_consumption,,domestic-wastewater,,1,wastewater-outside-domestic-calculator-activity,III.4.2,b0da6b28-c5e0-3f8a-859f-96bac5ff7f6c,0a1d32d5-7802-4747-9eb1-52c5b81f7384
Peru,72.0,g/capita/day,FAO stat,PE,N2O,protein,protein_consumption,,domestic-wastewater,,1,wastewater-outside-domestic-calculator-activity,III.4.2,b0da6b28-c5e0-3f8a-859f-96bac5ff7f6c,d7ec1632-2a9f-49cf-abca-903a2726ceba
Philippines,60.0,g/capita/day,FAO stat,PH,N2O,protein,protein_consumption,,domestic-wastewater,,1,wastewater-outside-domestic-calculator-activity,III.4.2,b0da6b28-c5e0-3f8a-859f-96bac5ff7f6c,a33ff43b-d0ea-4901-8ea4-a2fa711f2d8d
Poland,101.0,g/capita/day,FAO stat,PL,N2O,protein,protein_consumption,,domestic-wastewater,,1,wastewater-outside-domestic-calculator-activity,III.4.2,b0da6b28-c5e0-3f8a-859f-96bac5ff7f6c,08229315-cf2c-4d7f-ab2a-393c2efe7586
Portugal,114.0,g/capita/day,FAO stat,PT,N2O,protein,protein_consumption,,domestic-wastewater,,1,wastewater-outside-domestic-calculator-activity,III.4.2,b0da6b28-c5e0-3f8a-859f-96bac5ff7f6c,b3ab194b-aa5f-4315-8023-f515dcd111ee
Republic of Korea,93.0,g/capita/day,FAO stat,KR,N2O,protein,protein_consumption,,domestic-wastewater,,1,wastewater-outside-domestic-calculator-activity,III.4.2,b0da6b28-c5e0-3f8a-859f-96bac5ff7f6c,a8843712-5add-4c17-a041-db402b7cc552
Republic of Moldova,72.0,g/capita/day,FAO stat,MD,N2O,protein,protein_consumption,,domestic-wastewater,,1,wastewater-outside-domestic-calculator-activity,III.4.2,b0da6b28-c5e0-3f8a-859f-96bac5ff7f6c,e9e475f4-3bce-4d0f-998c-eacf2af7f076
Romania,106.0,g/capita/day,FAO stat,RO,N2O,protein,protein_consumption,,domestic-wastewater,,1,wastewater-outside-domestic-calculator-activity,III.4.2,b0da6b28-c5e0-3f8a-859f-96bac5ff7f6c,f810e511-3da9-42b9-ad5a-7f013e97ee4c
Russian Federation,101.0,g/capita/day,FAO stat,RU,N2O,protein,protein_consumption,,domestic-wastewater,,1,wastewater-outside-domestic-calculator-activity,III.4.2,b0da6b28-c5e0-3f8a-859f-96bac5ff7f6c,8cdccd5f-5e19-471f-bc8e-e591fc35df0b
Rwanda,53.0,g/capita/day,FAO stat,RW,N2O,protein,protein_consumption,,domestic-wastewater,,1,wastewater-outside-domestic-calculator-activity,III.4.2,b0da6b28-c5e0-3f8a-859f-96bac5ff7f6c,1cea1079-2c36-48ad-bd01-4c9709e0ce44
Saint Kitts and Nevis,75.0,g/capita/day,FAO stat,KN,N2O,protein,protein_consumption,,domestic-wastewater,,1,wastewater-outside-domestic-calculator-activity,III.4.2,b0da6b28-c5e0-3f8a-859f-96bac5ff7f6c,4e64f304-e8c3-48b4-8cc0-a32dbb41804a
Saint Vincent and the Grenadines,89.0,g/capita/day,FAO stat,VC,N2O,protein,protein_consumption,,domestic-wastewater,,1,wastewater-outside-domestic-calculator-activity,III.4.2,b0da6b28-c5e0-3f8a-859f-96bac5ff7f6c,19f31a9a-7208-4c74-9dcb-4a3f550dd99b
Samoa,80.0,g/capita/day,FAO stat,WS,N2O,protein,protein_consumption,,domestic-wastewater,,1,wastewater-outside-domestic-calculator-activity,III.4.2,b0da6b28-c5e0-3f8a-859f-96bac5ff7f6c,e24b76e4-8f65-4241-a15b-e2e9101c6316
Sao Tome and Principe,61.0,g/capita/day,FAO stat,ST,N2O,protein,protein_consumption,,domestic-wastewater,,1,wastewater-outside-domestic-calculator-activity,III.4.2,b0da6b28-c5e0-3f8a-859f-96bac5ff7f6c,4a029fdb-6940-4acb-9abf-316e9d69bb12
Saudi Arabia,84.0,g/capita/day,FAO stat,SA,N2O,protein,protein_consumption,,domestic-wastewater,,1,wastewater-outside-domestic-calculator-activity,III.4.2,b0da6b28-c5e0-3f8a-859f-96bac5ff7f6c,d9131b05-9b7d-4ad3-996c-4e3fb78c62b4
Senegal,60.0,g/capita/day,FAO stat,SN,N2O,protein,protein_consumption,,domestic-wastewater,,1,wastewater-outside-domestic-calculator-activity,III.4.2,b0da6b28-c5e0-3f8a-859f-96bac5ff7f6c,58dc3758-c51f-4cb8-95b8-023da9cd3bb8
Serbia,81.0,g/capita/day,FAO stat,RS,N2O,protein,protein_consumption,,domestic-wastewater,,1,wastewater-outside-domestic-calculator-activity,III.4.2,b0da6b28-c5e0-3f8a-859f-96bac5ff7f6c,921b0128-e128-4692-a8fd-102a10507f9e
Sierra Leone,55.0,g/capita/day,FAO stat,SL,N2O,protein,protein_consumption,,domestic-wastewater,,1,wastewater-outside-domestic-calculator-activity,III.4.2,b0da6b28-c5e0-3f8a-859f-96bac5ff7f6c,8a8e061f-2a4d-4506-9b33-aaeecd1fc5e4
Slovakia,74.0,g/capita/day,FAO stat,SK,N2O,protein,protein_consumption,,domestic-wastewater,,1,wastewater-outside-domestic-calculator-activity,III.4.2,b0da6b28-c5e0-3f8a-859f-96bac5ff7f6c,5af5c005-795e-40d7-8c5d-8270736316a4
Slovenia,100.0,g/capita/day,FAO stat,SI,N2O,protein,protein_consumption,,domestic-wastewater,,1,wastewater-outside-domestic-calculator-activity,III.4.2,b0da6b28-c5e0-3f8a-859f-96bac5ff7f6c,6e520c33-9082-49d6-b9c4-6a487557feb0
Solomon Islands,56.0,g/capita/day,FAO stat,SB,N2O,protein,protein_consumption,,domestic-wastewater,,1,wastewater-outside-domestic-calculator-activity,III.4.2,b0da6b28-c5e0-3f8a-859f-96bac5ff7f6c,c17955f1-8d3b-42b5-b9ee-d638eeaa9ab0
South Africa,82.0,g/capita/day,FAO stat,ZA,N2O,protein,protein_consumption,,domestic-wastewater,,1,wastewater-outside-domestic-calculator-activity,III.4.2,b0da6b28-c5e0-3f8a-859f-96bac5ff7f6c,a59ff706-a005-4f1d-990b-02ac9d806cf0
Spain,105.0,g/capita/day,FAO stat,ES,N2O,protein,protein_consumption,,domestic-wastewater,,1,wastewater-outside-domestic-calculator-activity,III.4.2,b0da6b28-c5e0-3f8a-859f-96bac5ff7f6c,789e924d-5fb8-46b3-bc1e-976e2c8b5d95
Sri Lanka,57.0,g/capita/day,FAO stat,LK,N2O,protein,protein_consumption,,domestic-wastewater,,1,wastewater-outside-domestic-calculator-activity,III.4.2,b0da6b28-c5e0-3f8a-859f-96bac5ff7f6c,c241be84-1c43-4b53-aa52-b7919832fd77
Sudan (former),75.0,g/capita/day,FAO stat,SD,N2O,protein,protein_consumption,,domestic-wastewater,,1,wastewater-outside-domestic-calculator-activity,III.4.2,b0da6b28-c5e0-3f8a-859f-96bac5ff7f6c,e7e4603e-bf69-444b-a284-6f298c4c24f0
Suriname,62.0,g/capita/day,FAO stat,SR,N2O,protein,protein_consumption,,domestic-wastewater,,1,wastewater-outside-domestic-calculator-activity,III.4.2,b0da6b28-c5e0-3f8a-859f-96bac5ff7f6c,adcc5f1a-1bbf-4611-96d6-52b80eb5419f
Swaziland,56.0,g/capita/day,FAO stat,SZ,N2O,protein,protein_consumption,,domestic-wastewater,,1,wastewater-outside-domestic-calculator-activity,III.4.2,b0da6b28-c5e0-3f8a-859f-96bac5ff7f6c,f6621185-e0d9-4e8c-bfa0-208825b40394
Sweden,108.0,g/capita/day,FAO stat,SE,N2O,protein,protein_consumption,,domestic-wastewater,,1,wastewater-outside-domestic-calculator-activity,III.4.2,b0da6b28-c5e0-3f8a-859f-96bac5ff7f6c,3b33fc5c-0970-4a33-8001-58f30b950241
Switzerland,94.0,g/capita/day,FAO stat,CH,N2O,protein,protein_consumption,,domestic-wastewater,,1,wastewater-outside-domestic-calculator-activity,III.4.2,b0da6b28-c5e0-3f8a-859f-96bac5ff7f6c,3d23d697-ce02-4bd8-96d1-0d66c586e6f5
Tajikistan,52.0,g/capita/day,FAO stat,TJ,N2O,protein,protein_consumption,,domestic-wastewater,,1,wastewater-outside-domestic-calculator-activity,III.4.2,b0da6b28-c5e0-3f8a-859f-96bac5ff7f6c,5c1f13ae-6586-4a37-9fc9-1a07e02586be
Thailand,59.0,g/capita/day,FAO stat,TH,N2O,protein,protein_consumption,,domestic-wastewater,,1,wastewater-outside-domestic-calculator-activity,III.4.2,b0da6b28-c5e0-3f8a-859f-96bac5ff7f6c,c3d52e3d-49c3-4833-bf0f-1f953ce71ed2
The former Yugoslav Republic of Macedonia,80.0,g/capita/day,FAO stat,MK,N2O,protein,protein_consumption,,domestic-wastewater,,1,wastewater-outside-domestic-calculator-activity,III.4.2,b0da6b28-c5e0-3f8a-859f-96bac5ff7f6c,057d3475-1b59-4ae5-8026-f6ee456d466f
Timor-Leste,55.0,g/capita/day,FAO stat,TL,N2O,protein,protein_consumption,,domestic-wastewater,,1,wastewater-outside-domestic-calculator-activity,III.4.2,b0da6b28-c5e0-3f8a-859f-96bac5ff7f6c,471a7aee-6678-47ef-9a37-76eb52f0366a
Togo,55.0,g/capita/day,FAO stat,TG,N2O,protein,protein_consumption,,domestic-wastewater,,1,wastewater-outside-domestic-calculator-activity,III.4.2,b0da6b28-c5e0-3f8a-859f-96bac5ff7f6c,1f062b85-ff5e-4140-9fa9-be10918b6508
Trinidad and Tobago,76.0,g/capita/day,FAO stat,TT,N2O,protein,protein_consumption,,domestic-wastewater,,1,wastewater-outside-domestic-calculator-activity,III.4.2,b0da6b28-c5e0-3f8a-859f-96bac5ff7f6c,6eadba7e-037b-48cd-a52c-5b261326267b
Tunisia,97.0,g/capita/day,FAO stat,TN,N2O,protein,protein_consumption,,domestic-wastewater,,1,wastewater-outside-domestic-calculator-activity,III.4.2,b0da6b28-c5e0-3f8a-859f-96bac5ff7f6c,98edf849-7fbb-4f42-9a94-a738075564d9
Turkey,103.0,g/capita/day,FAO stat,TR,N2O,protein,protein_consumption,,domestic-wastewater,,1,wastewater-outside-domestic-calculator-activity,III.4.2,b0da6b28-c5e0-3f8a-859f-96bac5ff7f6c,939d5b13-3310-4e3c-b0cc-7c079cac8321
Turkmenistan,92.0,g/capita/day,FAO stat,TM,N2O,protein,protein_consumption,,domestic-wastewater,,1,wastewater-outside-domestic-calculator-activity,III.4.2,b0da6b28-c5e0-3f8a-859f-96bac5ff7f6c,77c3ee12-fdaf-41af-a6f1-5f01882c6a8b
Uganda,51.0,g/capita/day,FAO stat,UG,N2O,protein,protein_consumption,,domestic-wastewater,,1,wastewater-outside-domestic-calculator-activity,III.4.2,b0da6b28-c5e0-3f8a-859f-96bac5ff7f6c,6035b8a1-aec2-4b82-b052-adec1e90e773
Ukraine,86.0,g/capita/day,FAO stat,UA,N2O,protein,protein_consumption,,domestic-wastewater,,1,wastewater-outside-domestic-calculator-activity,III.4.2,b0da6b28-c5e0-3f8a-859f-96bac5ff7f6c,de56c3e4-5178-4acf-bb74-755ba0a7420a
United Arab Emirates,100.0,g/capita/day,FAO stat,AE,N2O,protein,protein_consumption,,domestic-wastewater,,1,wastewater-outside-domestic-calculator-activity,III.4.2,b0da6b28-c5e0-3f8a-859f-96bac5ff7f6c,9e697509-0bbf-45e8-9313-1fc664adc602
United Kingdom,102.0,g/capita/day,FAO stat,GB,N2O,protein,protein_consumption,,domestic-wastewater,,1,wastewater-outside-domestic-calculator-activity,III.4.2,b0da6b28-c5e0-3f8a-859f-96bac5ff7f6c,262eb899-739f-4400-85dd-194b6752e4d8
United Republic of Tanzania,55.0,g/capita/day,FAO stat,TZ,N2O,protein,protein_consumption,,domestic-wastewater,,1,wastewater-outside-domestic-calculator-activity,III.4.2,b0da6b28-c5e0-3f8a-859f-96bac5ff7f6c,a0adc03a-c42f-4a91-bdb1-3963b79d3492
United States of America,110.0,g/capita/day,FAO stat,US,N2O,protein,protein_consumption,,domestic-wastewater,,1,wastewater-outside-domestic-calculator-activity,III.4.2,b0da6b28-c5e0-3f8a-859f-96bac5ff7f6c,2586e4c9-df80-4183-a2e6-ff6b26fe4706
Uruguay,86.0,g/capita/day,FAO stat,UY,N2O,protein,protein_consumption,,domestic-wastewater,,1,wastewater-outside-domestic-calculator-activity,III.4.2,b0da6b28-c5e0-3f8a-859f-96bac5ff7f6c,f4601187-3669-4459-a99b-948aced3e560
Uzbekistan,80.0,g/capita/day,FAO stat,UZ,N2O,protein,protein_consumption,,domestic-wastewater,,1,wastewater-outside-domestic-calculator-activity,III.4.2,b0da6b28-c5e0-3f8a-859f-96bac5ff7f6c,bf6580a9-9524-4608-a398-292881287263
Vanuatu,67.0,g/capita/day,FAO stat,VU,N2O,protein,protein_consumption,,domestic-wastewater,,1,wastewater-outside-domestic-calculator-activity,III.4.2,b0da6b28-c5e0-3f8a-859f-96bac5ff7f6c,401e7331-8ed4-40a4-ace4-a4c337a4c148
Venezuela (Bolivarian Republic of),84.0,g/capita/day,FAO stat,VE,N2O,protein,protein_consumption,,domestic-wastewater,,1,wastewater-outside-domestic-calculator-activity,III.4.2,b0da6b28-c5e0-3f8a-859f-96bac5ff7f6c,44a1e181-82cb-416f-b08d-6738bb130e09
Viet Nam,76.0,g/capita/day,FAO stat,VN,N2O,protein,protein_consumption,,domestic-wastewater,,1,wastewater-outside-domestic-calculator-activity,III.4.2,b0da6b28-c5e0-3f8a-859f-96bac5ff7f6c,978488f6-81a9-488c-90e4-5cb36e25a4b9
Yemen,58.0,g/capita/day,FAO stat,YE,N2O,protein,protein_consumption,,domestic-wastewater,,1,wastewater-outside-domestic-calculator-activity,III.4.2,b0da6b28-c5e0-3f8a-859f-96bac5ff7f6c,232c6bce-3000-420d-9e2d-1b1e2edb59ac
Zambia,52.0,,,ZM,N2O,protein,protein_consumption,,domestic-wastewater,,1,wastewater-outside-domestic-calculator-activity,III.4.2,b0da6b28-c5e0-3f8a-859f-96bac5ff7f6c,938d19cd-b5cd-4482-9225-f557996fcf18
Zimbabwe,53.0,,,ZW,N2O,protein,protein_consumption,,domestic-wastewater,,1,wastewater-outside-domestic-calculator-activity,III.4.2,b0da6b28-c5e0-3f8a-859f-96bac5ff7f6c,5cf4f894-6b2e-4213-9599-4491ae2caf77
