"id","activity_data","inventory_value_id","datasource_id","metadata","created","last_updated","co2eq","co2eq_years","activity_data_jsonb","id-2","activity_units","activity_value","co2eq-2","sub_category_id","inventory_id","created-2","last_updated-2","datasource_id-2","co2eq_years-2","gpc_reference_number","sector_id","unavailable_reason","unavailable_explanation","sub_sector_id","input_methodology","id-3","inventory_value_id-2","emissions_factor_id","gas","gas_amount","activity_value_id","id-4","emissions_per_activity","url","units","created-3","last_updated-3","gpc_reference_number-2","gas-2","region","year","reference","inventory_id-2","metadata-2","formula_name","methodology_id","actor_id","methodology_name"
"0303284b-33a3-4c9f-b5ab-5ab9540296c2",NULL,"f643e290-043f-4e80-acb2-188753329234",NULL,"{""activityId"": null, ""dataQuality"": ""high"", ""activityTitle"": """", ""sourceExplanation"": ""Rio de Janeiro's 2020 Inventory CIRIS File"", ""emissionFactorType"": """"}","2024-10-23 18:32:30.351","2024-10-23 18:32:30.356","88492",100,"{""ch4_amount"": 1, ""co2_amount"": 88199, ""n2o_amount"": 1, ""data-source"": ""Rio de Janeiro's 2020 Inventory CIRIS File"", ""fugitive-emissions-oil-gas-type"": ""fugitive-emissions-oil-gas-type-all"", ""fugitive-emissions-oil-gas-fugitive-type"": ""type-all""}","f643e290-043f-4e80-acb2-188753329234",NULL,NULL,"88492","1483cc0a-dad1-34ed-81ef-5913ee3be6d1","9a73042e-bad8-4224-9f58-6e4abe25767b","2024-10-23 18:32:30.347","2024-10-23 18:32:30.354",NULL,100,"I.8.1","5da765a9-1ca6-37e1-bcd6-7b387f909a4e","","","b32f56a1-3a4e-3cd5-9052-e06284468700","direct-measure","50f9ca96-1b01-4b87-9d1a-5212b9ac64e9","f643e290-043f-4e80-acb2-188753329234","b6d3080d-99c5-43d9-a96f-1a9e273fc01c","N2O","1","0303284b-33a3-4c9f-b5ab-5ab9540296c2","b6d3080d-99c5-43d9-a96f-1a9e273fc01c","1",NULL,"","2024-10-23 18:32:30.364","2024-10-23 18:32:30.364","I.8.1","N2O",NULL,NULL,NULL,"9a73042e-bad8-4224-9f58-6e4abe25767b",NULL,NULL,NULL,NULL,NULL
"0303284b-33a3-4c9f-b5ab-5ab9540296c2",NULL,"f643e290-043f-4e80-acb2-188753329234",NULL,"{""activityId"": null, ""dataQuality"": ""high"", ""activityTitle"": """", ""sourceExplanation"": ""Rio de Janeiro's 2020 Inventory CIRIS File"", ""emissionFactorType"": """"}","2024-10-23 18:32:30.351","2024-10-23 18:32:30.356","88492",100,"{""ch4_amount"": 1, ""co2_amount"": 88199, ""n2o_amount"": 1, ""data-source"": ""Rio de Janeiro's 2020 Inventory CIRIS File"", ""fugitive-emissions-oil-gas-type"": ""fugitive-emissions-oil-gas-type-all"", ""fugitive-emissions-oil-gas-fugitive-type"": ""type-all""}","f643e290-043f-4e80-acb2-188753329234",NULL,NULL,"88492","1483cc0a-dad1-34ed-81ef-5913ee3be6d1","9a73042e-bad8-4224-9f58-6e4abe25767b","2024-10-23 18:32:30.347","2024-10-23 18:32:30.354",NULL,100,"I.8.1","5da765a9-1ca6-37e1-bcd6-7b387f909a4e","","","b32f56a1-3a4e-3cd5-9052-e06284468700","direct-measure","8084ca86-8bea-4900-902d-4ad0b0aedcd9","f643e290-043f-4e80-acb2-188753329234","7125c09b-ccab-4f0b-a5f2-1f403f4e9e38","CO2","88199","0303284b-33a3-4c9f-b5ab-5ab9540296c2","7125c09b-ccab-4f0b-a5f2-1f403f4e9e38","88199",NULL,"","2024-10-23 18:32:30.361","2024-10-23 18:32:30.361","I.8.1","CO2",NULL,NULL,NULL,"9a73042e-bad8-4224-9f58-6e4abe25767b",NULL,NULL,NULL,NULL,NULL
"0303284b-33a3-4c9f-b5ab-5ab9540296c2",NULL,"f643e290-043f-4e80-acb2-188753329234",NULL,"{""activityId"": null, ""dataQuality"": ""high"", ""activityTitle"": """", ""sourceExplanation"": ""Rio de Janeiro's 2020 Inventory CIRIS File"", ""emissionFactorType"": """"}","2024-10-23 18:32:30.351","2024-10-23 18:32:30.356","88492",100,"{""ch4_amount"": 1, ""co2_amount"": 88199, ""n2o_amount"": 1, ""data-source"": ""Rio de Janeiro's 2020 Inventory CIRIS File"", ""fugitive-emissions-oil-gas-type"": ""fugitive-emissions-oil-gas-type-all"", ""fugitive-emissions-oil-gas-fugitive-type"": ""type-all""}","f643e290-043f-4e80-acb2-188753329234",NULL,NULL,"88492","1483cc0a-dad1-34ed-81ef-5913ee3be6d1","9a73042e-bad8-4224-9f58-6e4abe25767b","2024-10-23 18:32:30.347","2024-10-23 18:32:30.354",NULL,100,"I.8.1","5da765a9-1ca6-37e1-bcd6-7b387f909a4e","","","b32f56a1-3a4e-3cd5-9052-e06284468700","direct-measure","3c761874-9947-4952-822c-d3ab98bba4e8","f643e290-043f-4e80-acb2-188753329234","a8c6db5b-0aed-479c-b117-e28f49e9da1a","CH4","1","0303284b-33a3-4c9f-b5ab-5ab9540296c2","a8c6db5b-0aed-479c-b117-e28f49e9da1a","1",NULL,"","2024-10-23 18:32:30.357","2024-10-23 18:32:30.357","I.8.1","CH4",NULL,NULL,NULL,"9a73042e-bad8-4224-9f58-6e4abe25767b",NULL,NULL,NULL,NULL,NULL
"1d582901-0efe-4099-97cf-d1b26bd8b0ac",NULL,"76e10f71-61eb-4453-a903-aa2ec3c4fb45",NULL,"{""activityId"": null, ""dataQuality"": ""high"", ""activityTitle"": """", ""sourceExplanation"": ""Rio de Janeiro's 2020 Inventory CIRIS File"", ""emissionFactorType"": """"}","2024-10-23 18:13:06.067","2024-10-23 18:13:06.083","6251964",100,"{""ch4_amount"": 1, ""co2_amount"": 6251671, ""n2o_amount"": 1, ""data-source"": ""Rio de Janeiro's 2020 Inventory CIRIS File"", ""manufacturing-and-construction-type"": ""type-manufacturing-industries-and-construction"", ""manufacturing-and-construction-fuel-type"": ""fuel-type-all""}","76e10f71-61eb-4453-a903-aa2ec3c4fb45",NULL,NULL,"6251964","7752e771-bd0f-35ee-b016-c592c6d52338","9a73042e-bad8-4224-9f58-6e4abe25767b","2024-10-23 18:13:06.062","2024-10-23 18:13:06.073",NULL,100,"I.3.1","5da765a9-1ca6-37e1-bcd6-7b387f909a4e","","","8de1d11d-4146-35f3-a973-e66930e68a50","direct-measure","173fdb30-57c4-4293-a4f6-398bf00f6d84","76e10f71-61eb-4453-a903-aa2ec3c4fb45","69ba96fc-01dc-4b29-a41e-6bd421bacbc4","N2O","1","1d582901-0efe-4099-97cf-d1b26bd8b0ac","69ba96fc-01dc-4b29-a41e-6bd421bacbc4","1",NULL,"","2024-10-23 18:13:06.097","2024-10-23 18:13:06.097","I.3.1","N2O",NULL,NULL,NULL,"9a73042e-bad8-4224-9f58-6e4abe25767b",NULL,NULL,NULL,NULL,NULL
"1d582901-0efe-4099-97cf-d1b26bd8b0ac",NULL,"76e10f71-61eb-4453-a903-aa2ec3c4fb45",NULL,"{""activityId"": null, ""dataQuality"": ""high"", ""activityTitle"": """", ""sourceExplanation"": ""Rio de Janeiro's 2020 Inventory CIRIS File"", ""emissionFactorType"": """"}","2024-10-23 18:13:06.067","2024-10-23 18:13:06.083","6251964",100,"{""ch4_amount"": 1, ""co2_amount"": 6251671, ""n2o_amount"": 1, ""data-source"": ""Rio de Janeiro's 2020 Inventory CIRIS File"", ""manufacturing-and-construction-type"": ""type-manufacturing-industries-and-construction"", ""manufacturing-and-construction-fuel-type"": ""fuel-type-all""}","76e10f71-61eb-4453-a903-aa2ec3c4fb45",NULL,NULL,"6251964","7752e771-bd0f-35ee-b016-c592c6d52338","9a73042e-bad8-4224-9f58-6e4abe25767b","2024-10-23 18:13:06.062","2024-10-23 18:13:06.073",NULL,100,"I.3.1","5da765a9-1ca6-37e1-bcd6-7b387f909a4e","","","8de1d11d-4146-35f3-a973-e66930e68a50","direct-measure","a354a8af-fee9-4ebf-a1de-60624fdde2a4","76e10f71-61eb-4453-a903-aa2ec3c4fb45","3cdc1943-085e-4732-bb38-09cb28afb43a","CO2","6251671","1d582901-0efe-4099-97cf-d1b26bd8b0ac","3cdc1943-085e-4732-bb38-09cb28afb43a","6251671",NULL,"","2024-10-23 18:13:06.09","2024-10-23 18:13:06.09","I.3.1","CO2",NULL,NULL,NULL,"9a73042e-bad8-4224-9f58-6e4abe25767b",NULL,NULL,NULL,NULL,NULL
"1d582901-0efe-4099-97cf-d1b26bd8b0ac",NULL,"76e10f71-61eb-4453-a903-aa2ec3c4fb45",NULL,"{""activityId"": null, ""dataQuality"": ""high"", ""activityTitle"": """", ""sourceExplanation"": ""Rio de Janeiro's 2020 Inventory CIRIS File"", ""emissionFactorType"": """"}","2024-10-23 18:13:06.067","2024-10-23 18:13:06.083","6251964",100,"{""ch4_amount"": 1, ""co2_amount"": 6251671, ""n2o_amount"": 1, ""data-source"": ""Rio de Janeiro's 2020 Inventory CIRIS File"", ""manufacturing-and-construction-type"": ""type-manufacturing-industries-and-construction"", ""manufacturing-and-construction-fuel-type"": ""fuel-type-all""}","76e10f71-61eb-4453-a903-aa2ec3c4fb45",NULL,NULL,"6251964","7752e771-bd0f-35ee-b016-c592c6d52338","9a73042e-bad8-4224-9f58-6e4abe25767b","2024-10-23 18:13:06.062","2024-10-23 18:13:06.073",NULL,100,"I.3.1","5da765a9-1ca6-37e1-bcd6-7b387f909a4e","","","8de1d11d-4146-35f3-a973-e66930e68a50","direct-measure","a4b07776-2327-4c8e-9a30-e1b53180773b","76e10f71-61eb-4453-a903-aa2ec3c4fb45","6b4d518d-8f27-435f-95a8-e682f4516446","CH4","1","1d582901-0efe-4099-97cf-d1b26bd8b0ac","6b4d518d-8f27-435f-95a8-e682f4516446","1",NULL,"","2024-10-23 18:13:06.085","2024-10-23 18:13:06.085","I.3.1","CH4",NULL,NULL,NULL,"9a73042e-bad8-4224-9f58-6e4abe25767b",NULL,NULL,NULL,NULL,NULL
"1d6e9227-74a7-420c-a0ab-ffa8643a5b73",NULL,"3f1fb002-6f3f-4003-a013-902418cd2b03",NULL,"{""activityId"": null, ""dataQuality"": ""high"", ""activityTitle"": """", ""sourceExplanation"": ""Rio de Janeiro's 2020 Inventory CIRIS File"", ""emissionFactorType"": """"}","2024-10-23 18:36:35.33","2024-10-23 18:36:35.337","3494569",100,"{""ch4_amount"": 1, ""co2_amount"": 3494276, ""n2o_amount"": 1, ""data-source"": ""Rio de Janeiro's 2020 Inventory CIRIS File"", ""on-road-transport-fuel-type"": ""fuel-type-all"", ""on-road-transport-vehicle-type"": [""vehicle-type-passenger-vehicles"", ""vehicle-type-commercial-vehicles"", ""vehicle-type-public-transport-vehicles"", ""vehicle-type-service-vehicles"", ""vehicle-type-emergency-vehicles""]}","3f1fb002-6f3f-4003-a013-902418cd2b03",NULL,NULL,"3494569","064d8e7c-cddb-3766-8c70-579a1908c866","9a73042e-bad8-4224-9f58-6e4abe25767b","2024-10-23 18:36:35.327","2024-10-23 18:36:35.334",NULL,100,"II.1.1","73eb7b71-159c-3eda-b7fc-f6eb53754dc3","","","48fcfadb-90ed-34aa-80d9-fa31a90bef80","direct-measure","f496dff6-2c1a-4dd4-b188-ab932b9277f1","3f1fb002-6f3f-4003-a013-902418cd2b03","96e46bea-d22e-4b68-8276-2b948a6e477b","CH4","1","1d6e9227-74a7-420c-a0ab-ffa8643a5b73","96e46bea-d22e-4b68-8276-2b948a6e477b","1",NULL,"","2024-10-23 18:36:35.338","2024-10-23 18:36:35.338","II.1.1","CH4",NULL,NULL,NULL,"9a73042e-bad8-4224-9f58-6e4abe25767b",NULL,NULL,NULL,NULL,NULL
"1d6e9227-74a7-420c-a0ab-ffa8643a5b73",NULL,"3f1fb002-6f3f-4003-a013-902418cd2b03",NULL,"{""activityId"": null, ""dataQuality"": ""high"", ""activityTitle"": """", ""sourceExplanation"": ""Rio de Janeiro's 2020 Inventory CIRIS File"", ""emissionFactorType"": """"}","2024-10-23 18:36:35.33","2024-10-23 18:36:35.337","3494569",100,"{""ch4_amount"": 1, ""co2_amount"": 3494276, ""n2o_amount"": 1, ""data-source"": ""Rio de Janeiro's 2020 Inventory CIRIS File"", ""on-road-transport-fuel-type"": ""fuel-type-all"", ""on-road-transport-vehicle-type"": [""vehicle-type-passenger-vehicles"", ""vehicle-type-commercial-vehicles"", ""vehicle-type-public-transport-vehicles"", ""vehicle-type-service-vehicles"", ""vehicle-type-emergency-vehicles""]}","3f1fb002-6f3f-4003-a013-902418cd2b03",NULL,NULL,"3494569","064d8e7c-cddb-3766-8c70-579a1908c866","9a73042e-bad8-4224-9f58-6e4abe25767b","2024-10-23 18:36:35.327","2024-10-23 18:36:35.334",NULL,100,"II.1.1","73eb7b71-159c-3eda-b7fc-f6eb53754dc3","","","48fcfadb-90ed-34aa-80d9-fa31a90bef80","direct-measure","15900649-7955-4dbd-a9ef-00aaf65eb003","3f1fb002-6f3f-4003-a013-902418cd2b03","051466cb-052d-415b-bfc2-b1916c6ba1bc","CO2","3494276","1d6e9227-74a7-420c-a0ab-ffa8643a5b73","051466cb-052d-415b-bfc2-b1916c6ba1bc","3494276",NULL,"","2024-10-23 18:36:35.342","2024-10-23 18:36:35.342","II.1.1","CO2",NULL,NULL,NULL,"9a73042e-bad8-4224-9f58-6e4abe25767b",NULL,NULL,NULL,NULL,NULL
"1d6e9227-74a7-420c-a0ab-ffa8643a5b73",NULL,"3f1fb002-6f3f-4003-a013-902418cd2b03",NULL,"{""activityId"": null, ""dataQuality"": ""high"", ""activityTitle"": """", ""sourceExplanation"": ""Rio de Janeiro's 2020 Inventory CIRIS File"", ""emissionFactorType"": """"}","2024-10-23 18:36:35.33","2024-10-23 18:36:35.337","3494569",100,"{""ch4_amount"": 1, ""co2_amount"": 3494276, ""n2o_amount"": 1, ""data-source"": ""Rio de Janeiro's 2020 Inventory CIRIS File"", ""on-road-transport-fuel-type"": ""fuel-type-all"", ""on-road-transport-vehicle-type"": [""vehicle-type-passenger-vehicles"", ""vehicle-type-commercial-vehicles"", ""vehicle-type-public-transport-vehicles"", ""vehicle-type-service-vehicles"", ""vehicle-type-emergency-vehicles""]}","3f1fb002-6f3f-4003-a013-902418cd2b03",NULL,NULL,"3494569","064d8e7c-cddb-3766-8c70-579a1908c866","9a73042e-bad8-4224-9f58-6e4abe25767b","2024-10-23 18:36:35.327","2024-10-23 18:36:35.334",NULL,100,"II.1.1","73eb7b71-159c-3eda-b7fc-f6eb53754dc3","","","48fcfadb-90ed-34aa-80d9-fa31a90bef80","direct-measure","376bb63b-bbe4-4dce-aed5-984f96a05341","3f1fb002-6f3f-4003-a013-902418cd2b03","0e92417b-b281-4e6c-b472-d24b4275784e","N2O","1","1d6e9227-74a7-420c-a0ab-ffa8643a5b73","0e92417b-b281-4e6c-b472-d24b4275784e","1",NULL,"","2024-10-23 18:36:35.345","2024-10-23 18:36:35.345","II.1.1","N2O",NULL,NULL,NULL,"9a73042e-bad8-4224-9f58-6e4abe25767b",NULL,NULL,NULL,NULL,NULL
"2f12622b-b2fb-4891-85a0-b0fe63f5d805",NULL,"cd824497-57d4-48bc-8542-adcbdacab042",NULL,"{""activityId"": null, ""dataQuality"": ""high"", ""activityTitle"": """", ""sourceExplanation"": ""Rio de Janeiro's 2020 Inventory CIRIS File"", ""emissionFactorType"": """"}","2024-10-23 18:29:21.959","2024-10-23 18:29:21.964","238485",100,"{""ch4_amount"": 1, ""co2_amount"": 238192, ""n2o_amount"": 1, ""data-source"": ""Rio de Janeiro's 2020 Inventory CIRIS File"", ""non-specific-sources-type"": ""type-stationary"", ""non-specific-sources-energy-usage"": ""energy-usage-electricity""}","cd824497-57d4-48bc-8542-adcbdacab042",NULL,NULL,"238485","75ca6ffd-7696-31b8-961a-45fa54ba970f","9a73042e-bad8-4224-9f58-6e4abe25767b","2024-10-23 18:29:21.957","2024-10-23 18:29:21.962",NULL,100,"I.6.2","5da765a9-1ca6-37e1-bcd6-7b387f909a4e","","","cfc4d8de-2b90-376c-b9d7-446aaf2d8eeb","direct-measure","9e01bb3b-8ed9-47ca-8185-cd3cec519395","cd824497-57d4-48bc-8542-adcbdacab042","982719da-f6e5-4e2c-b4d3-348af81ab763","CH4","1","2f12622b-b2fb-4891-85a0-b0fe63f5d805","982719da-f6e5-4e2c-b4d3-348af81ab763","1",NULL,"","2024-10-23 18:29:21.965","2024-10-23 18:29:21.965","I.6.2","CH4",NULL,NULL,NULL,"9a73042e-bad8-4224-9f58-6e4abe25767b",NULL,NULL,NULL,NULL,NULL
"2f12622b-b2fb-4891-85a0-b0fe63f5d805",NULL,"cd824497-57d4-48bc-8542-adcbdacab042",NULL,"{""activityId"": null, ""dataQuality"": ""high"", ""activityTitle"": """", ""sourceExplanation"": ""Rio de Janeiro's 2020 Inventory CIRIS File"", ""emissionFactorType"": """"}","2024-10-23 18:29:21.959","2024-10-23 18:29:21.964","238485",100,"{""ch4_amount"": 1, ""co2_amount"": 238192, ""n2o_amount"": 1, ""data-source"": ""Rio de Janeiro's 2020 Inventory CIRIS File"", ""non-specific-sources-type"": ""type-stationary"", ""non-specific-sources-energy-usage"": ""energy-usage-electricity""}","cd824497-57d4-48bc-8542-adcbdacab042",NULL,NULL,"238485","75ca6ffd-7696-31b8-961a-45fa54ba970f","9a73042e-bad8-4224-9f58-6e4abe25767b","2024-10-23 18:29:21.957","2024-10-23 18:29:21.962",NULL,100,"I.6.2","5da765a9-1ca6-37e1-bcd6-7b387f909a4e","","","cfc4d8de-2b90-376c-b9d7-446aaf2d8eeb","direct-measure","d6efd690-743f-4aaa-a21c-c9168c7b2341","cd824497-57d4-48bc-8542-adcbdacab042","f8309cb6-2609-437f-b3f7-02864d5f9a76","N2O","1","2f12622b-b2fb-4891-85a0-b0fe63f5d805","f8309cb6-2609-437f-b3f7-02864d5f9a76","1",NULL,"","2024-10-23 18:29:21.97","2024-10-23 18:29:21.97","I.6.2","N2O",NULL,NULL,NULL,"9a73042e-bad8-4224-9f58-6e4abe25767b",NULL,NULL,NULL,NULL,NULL
"2f12622b-b2fb-4891-85a0-b0fe63f5d805",NULL,"cd824497-57d4-48bc-8542-adcbdacab042",NULL,"{""activityId"": null, ""dataQuality"": ""high"", ""activityTitle"": """", ""sourceExplanation"": ""Rio de Janeiro's 2020 Inventory CIRIS File"", ""emissionFactorType"": """"}","2024-10-23 18:29:21.959","2024-10-23 18:29:21.964","238485",100,"{""ch4_amount"": 1, ""co2_amount"": 238192, ""n2o_amount"": 1, ""data-source"": ""Rio de Janeiro's 2020 Inventory CIRIS File"", ""non-specific-sources-type"": ""type-stationary"", ""non-specific-sources-energy-usage"": ""energy-usage-electricity""}","cd824497-57d4-48bc-8542-adcbdacab042",NULL,NULL,"238485","75ca6ffd-7696-31b8-961a-45fa54ba970f","9a73042e-bad8-4224-9f58-6e4abe25767b","2024-10-23 18:29:21.957","2024-10-23 18:29:21.962",NULL,100,"I.6.2","5da765a9-1ca6-37e1-bcd6-7b387f909a4e","","","cfc4d8de-2b90-376c-b9d7-446aaf2d8eeb","direct-measure","e054ab83-8433-418c-bb02-5cb5b048a29d","cd824497-57d4-48bc-8542-adcbdacab042","22955bc0-7a01-4866-be63-7516d1680dab","CO2","238192","2f12622b-b2fb-4891-85a0-b0fe63f5d805","22955bc0-7a01-4866-be63-7516d1680dab","238192",NULL,"","2024-10-23 18:29:21.968","2024-10-23 18:29:21.968","I.6.2","CO2",NULL,NULL,NULL,"9a73042e-bad8-4224-9f58-6e4abe25767b",NULL,NULL,NULL,NULL,NULL
"42b7ada5-68ef-4324-a5e9-50ebf3aeac02",NULL,"5ef64fbd-e6fe-4e3e-b547-70a5b21f9c92",NULL,"{""activityId"": null, ""dataQuality"": ""high"", ""activityTitle"": """", ""sourceExplanation"": ""Rio de Janeiro's 2020 Inventory CIRIS File"", ""emissionFactorType"": """"}","2024-10-23 18:15:19.922","2024-10-23 18:15:19.928","120443",100,"{""ch4_amount"": 1, ""co2_amount"": 120150, ""n2o_amount"": 1, ""data-source"": ""Rio de Janeiro's 2020 Inventory CIRIS File"", ""manufacturing-and-construction-type"": ""manufacturing-and-construction-type-manufacturing-industries-and-construction"", ""manufacturing-and-construction-energy-usage"": ""energy-usage-electricity""}","5ef64fbd-e6fe-4e3e-b547-70a5b21f9c92",NULL,NULL,"120443","59e74d03-a234-38a3-9d8f-a13e8b424167","9a73042e-bad8-4224-9f58-6e4abe25767b","2024-10-23 18:15:19.92","2024-10-23 18:15:19.925",NULL,100,"I.3.2","5da765a9-1ca6-37e1-bcd6-7b387f909a4e","","","8de1d11d-4146-35f3-a973-e66930e68a50","direct-measure","9a57e137-2f34-4725-9c71-13f345a5059b","5ef64fbd-e6fe-4e3e-b547-70a5b21f9c92","5ca05f3c-4d6d-41d3-9646-1418af369e42","CH4","1","42b7ada5-68ef-4324-a5e9-50ebf3aeac02","5ca05f3c-4d6d-41d3-9646-1418af369e42","1",NULL,"","2024-10-23 18:15:19.929","2024-10-23 18:15:19.929","I.3.2","CH4",NULL,NULL,NULL,"9a73042e-bad8-4224-9f58-6e4abe25767b",NULL,NULL,NULL,NULL,NULL
"42b7ada5-68ef-4324-a5e9-50ebf3aeac02",NULL,"5ef64fbd-e6fe-4e3e-b547-70a5b21f9c92",NULL,"{""activityId"": null, ""dataQuality"": ""high"", ""activityTitle"": """", ""sourceExplanation"": ""Rio de Janeiro's 2020 Inventory CIRIS File"", ""emissionFactorType"": """"}","2024-10-23 18:15:19.922","2024-10-23 18:15:19.928","120443",100,"{""ch4_amount"": 1, ""co2_amount"": 120150, ""n2o_amount"": 1, ""data-source"": ""Rio de Janeiro's 2020 Inventory CIRIS File"", ""manufacturing-and-construction-type"": ""manufacturing-and-construction-type-manufacturing-industries-and-construction"", ""manufacturing-and-construction-energy-usage"": ""energy-usage-electricity""}","5ef64fbd-e6fe-4e3e-b547-70a5b21f9c92",NULL,NULL,"120443","59e74d03-a234-38a3-9d8f-a13e8b424167","9a73042e-bad8-4224-9f58-6e4abe25767b","2024-10-23 18:15:19.92","2024-10-23 18:15:19.925",NULL,100,"I.3.2","5da765a9-1ca6-37e1-bcd6-7b387f909a4e","","","8de1d11d-4146-35f3-a973-e66930e68a50","direct-measure","0ce03856-a56a-4cb2-92a7-c1f2865f649f","5ef64fbd-e6fe-4e3e-b547-70a5b21f9c92","134bed29-2760-4d57-9910-a2a5cf4aa479","CO2","120150","42b7ada5-68ef-4324-a5e9-50ebf3aeac02","134bed29-2760-4d57-9910-a2a5cf4aa479","120150",NULL,"","2024-10-23 18:15:19.932","2024-10-23 18:15:19.932","I.3.2","CO2",NULL,NULL,NULL,"9a73042e-bad8-4224-9f58-6e4abe25767b",NULL,NULL,NULL,NULL,NULL
"42b7ada5-68ef-4324-a5e9-50ebf3aeac02",NULL,"5ef64fbd-e6fe-4e3e-b547-70a5b21f9c92",NULL,"{""activityId"": null, ""dataQuality"": ""high"", ""activityTitle"": """", ""sourceExplanation"": ""Rio de Janeiro's 2020 Inventory CIRIS File"", ""emissionFactorType"": """"}","2024-10-23 18:15:19.922","2024-10-23 18:15:19.928","120443",100,"{""ch4_amount"": 1, ""co2_amount"": 120150, ""n2o_amount"": 1, ""data-source"": ""Rio de Janeiro's 2020 Inventory CIRIS File"", ""manufacturing-and-construction-type"": ""manufacturing-and-construction-type-manufacturing-industries-and-construction"", ""manufacturing-and-construction-energy-usage"": ""energy-usage-electricity""}","5ef64fbd-e6fe-4e3e-b547-70a5b21f9c92",NULL,NULL,"120443","59e74d03-a234-38a3-9d8f-a13e8b424167","9a73042e-bad8-4224-9f58-6e4abe25767b","2024-10-23 18:15:19.92","2024-10-23 18:15:19.925",NULL,100,"I.3.2","5da765a9-1ca6-37e1-bcd6-7b387f909a4e","","","8de1d11d-4146-35f3-a973-e66930e68a50","direct-measure","0128ab17-9881-4684-a5f6-06dc5c570c87","5ef64fbd-e6fe-4e3e-b547-70a5b21f9c92","000d2270-02f2-4c9c-ba0e-7bea16c76796","N2O","1","42b7ada5-68ef-4324-a5e9-50ebf3aeac02","000d2270-02f2-4c9c-ba0e-7bea16c76796","1",NULL,"","2024-10-23 18:15:19.935","2024-10-23 18:15:19.935","I.3.2","N2O",NULL,NULL,NULL,"9a73042e-bad8-4224-9f58-6e4abe25767b",NULL,NULL,NULL,NULL,NULL
"52daccc9-2712-4b43-a7ec-d67431721ca2",NULL,"52f13177-6395-40a8-aab4-4f1b0f4766e3",NULL,"{""activityId"": null, ""dataQuality"": ""high"", ""activityTitle"": """", ""sourceExplanation"": ""Rio de Janeiro's 2020 Inventory CIRIS File"", ""emissionFactorType"": """"}","2024-10-23 18:26:50.862","2024-10-23 18:26:50.868","210293",100,"{""ch4_amount"": 1, ""co2_amount"": 210000, ""n2o_amount"": 1, ""data-source"": ""Rio de Janeiro's 2020 Inventory CIRIS File"", ""agriculture-forestry-fishing-activities-type"": ""type-stationary"", ""agriculture-forestry-fishing-activities-energy-usage"": ""energy-usage-electricity""}","52f13177-6395-40a8-aab4-4f1b0f4766e3",NULL,NULL,"210293","25d0ad43-454f-34c2-ae83-03c095069891","9a73042e-bad8-4224-9f58-6e4abe25767b","2024-10-23 18:26:50.859","2024-10-23 18:26:50.865",NULL,100,"I.5.2","5da765a9-1ca6-37e1-bcd6-7b387f909a4e","","","95c049d1-eff9-3b26-af49-2b32982e7dd9","direct-measure","56752457-a681-48c8-ae55-869188920527","52f13177-6395-40a8-aab4-4f1b0f4766e3","cfa3a13c-1bab-471a-9bfa-149fdca440ea","N2O","1","52daccc9-2712-4b43-a7ec-d67431721ca2","cfa3a13c-1bab-471a-9bfa-149fdca440ea","1",NULL,"","2024-10-23 18:26:50.877","2024-10-23 18:26:50.877","I.5.2","N2O",NULL,NULL,NULL,"9a73042e-bad8-4224-9f58-6e4abe25767b",NULL,NULL,NULL,NULL,NULL
"52daccc9-2712-4b43-a7ec-d67431721ca2",NULL,"52f13177-6395-40a8-aab4-4f1b0f4766e3",NULL,"{""activityId"": null, ""dataQuality"": ""high"", ""activityTitle"": """", ""sourceExplanation"": ""Rio de Janeiro's 2020 Inventory CIRIS File"", ""emissionFactorType"": """"}","2024-10-23 18:26:50.862","2024-10-23 18:26:50.868","210293",100,"{""ch4_amount"": 1, ""co2_amount"": 210000, ""n2o_amount"": 1, ""data-source"": ""Rio de Janeiro's 2020 Inventory CIRIS File"", ""agriculture-forestry-fishing-activities-type"": ""type-stationary"", ""agriculture-forestry-fishing-activities-energy-usage"": ""energy-usage-electricity""}","52f13177-6395-40a8-aab4-4f1b0f4766e3",NULL,NULL,"210293","25d0ad43-454f-34c2-ae83-03c095069891","9a73042e-bad8-4224-9f58-6e4abe25767b","2024-10-23 18:26:50.859","2024-10-23 18:26:50.865",NULL,100,"I.5.2","5da765a9-1ca6-37e1-bcd6-7b387f909a4e","","","95c049d1-eff9-3b26-af49-2b32982e7dd9","direct-measure","e68d8c07-2c35-4f0b-bc40-65fc6e17aeda","52f13177-6395-40a8-aab4-4f1b0f4766e3","47cb5942-5fea-43c2-83f6-a05a540e16b7","CO2","210000","52daccc9-2712-4b43-a7ec-d67431721ca2","47cb5942-5fea-43c2-83f6-a05a540e16b7","210000",NULL,"","2024-10-23 18:26:50.873","2024-10-23 18:26:50.873","I.5.2","CO2",NULL,NULL,NULL,"9a73042e-bad8-4224-9f58-6e4abe25767b",NULL,NULL,NULL,NULL,NULL
"52daccc9-2712-4b43-a7ec-d67431721ca2",NULL,"52f13177-6395-40a8-aab4-4f1b0f4766e3",NULL,"{""activityId"": null, ""dataQuality"": ""high"", ""activityTitle"": """", ""sourceExplanation"": ""Rio de Janeiro's 2020 Inventory CIRIS File"", ""emissionFactorType"": """"}","2024-10-23 18:26:50.862","2024-10-23 18:26:50.868","210293",100,"{""ch4_amount"": 1, ""co2_amount"": 210000, ""n2o_amount"": 1, ""data-source"": ""Rio de Janeiro's 2020 Inventory CIRIS File"", ""agriculture-forestry-fishing-activities-type"": ""type-stationary"", ""agriculture-forestry-fishing-activities-energy-usage"": ""energy-usage-electricity""}","52f13177-6395-40a8-aab4-4f1b0f4766e3",NULL,NULL,"210293","25d0ad43-454f-34c2-ae83-03c095069891","9a73042e-bad8-4224-9f58-6e4abe25767b","2024-10-23 18:26:50.859","2024-10-23 18:26:50.865",NULL,100,"I.5.2","5da765a9-1ca6-37e1-bcd6-7b387f909a4e","","","95c049d1-eff9-3b26-af49-2b32982e7dd9","direct-measure","f6d13801-5af2-41d5-aef7-8f59560e6773","52f13177-6395-40a8-aab4-4f1b0f4766e3","28b9b269-411d-46c0-8eca-c6ce21f1e624","CH4","1","52daccc9-2712-4b43-a7ec-d67431721ca2","28b9b269-411d-46c0-8eca-c6ce21f1e624","1",NULL,"","2024-10-23 18:26:50.869","2024-10-23 18:26:50.869","I.5.2","CH4",NULL,NULL,NULL,"9a73042e-bad8-4224-9f58-6e4abe25767b",NULL,NULL,NULL,NULL,NULL
"53d57487-96c3-4502-b9c0-f33f4a10d09d",NULL,"1ea4bc1a-0ea7-4696-9baf-558b7310ea49",NULL,"{""activityId"": null, ""dataQuality"": ""high"", ""activityTitle"": """", ""sourceExplanation"": ""Rio de Janeiro's 2020 Inventory CIRIS File"", ""emissionFactorType"": """"}","2024-10-23 18:06:07.219","2024-10-23 18:06:07.225","529191",100,"{""ch4_amount"": 1, ""co2_amount"": 528898, ""n2o_amount"": 1, ""data-source"": ""Rio de Janeiro's 2020 Inventory CIRIS File"", ""commercial-building-type"": ""type-commercial-institutional"", ""commercial-building-energy-usage"": ""energy-usage-electricity""}","1ea4bc1a-0ea7-4696-9baf-558b7310ea49",NULL,NULL,"529191","94bd54aa-01e7-3a2f-a1c1-a49121d8dcea","9a73042e-bad8-4224-9f58-6e4abe25767b","2024-10-23 18:06:07.215","2024-10-23 18:06:07.223",NULL,100,"I.2.2","5da765a9-1ca6-37e1-bcd6-7b387f909a4e","","","a235005c-f223-3c64-a0d2-f55d6f22f32f","direct-measure","ad9112bd-eb78-452a-b996-c240a0c791f9","1ea4bc1a-0ea7-4696-9baf-558b7310ea49","4da2f607-47ed-419a-a400-55e219a4a10e","CH4","1","53d57487-96c3-4502-b9c0-f33f4a10d09d","4da2f607-47ed-419a-a400-55e219a4a10e","1",NULL,"","2024-10-23 18:06:07.226","2024-10-23 18:06:07.226","I.2.2","CH4",NULL,NULL,NULL,"9a73042e-bad8-4224-9f58-6e4abe25767b",NULL,NULL,NULL,NULL,NULL
"53d57487-96c3-4502-b9c0-f33f4a10d09d",NULL,"1ea4bc1a-0ea7-4696-9baf-558b7310ea49",NULL,"{""activityId"": null, ""dataQuality"": ""high"", ""activityTitle"": """", ""sourceExplanation"": ""Rio de Janeiro's 2020 Inventory CIRIS File"", ""emissionFactorType"": """"}","2024-10-23 18:06:07.219","2024-10-23 18:06:07.225","529191",100,"{""ch4_amount"": 1, ""co2_amount"": 528898, ""n2o_amount"": 1, ""data-source"": ""Rio de Janeiro's 2020 Inventory CIRIS File"", ""commercial-building-type"": ""type-commercial-institutional"", ""commercial-building-energy-usage"": ""energy-usage-electricity""}","1ea4bc1a-0ea7-4696-9baf-558b7310ea49",NULL,NULL,"529191","94bd54aa-01e7-3a2f-a1c1-a49121d8dcea","9a73042e-bad8-4224-9f58-6e4abe25767b","2024-10-23 18:06:07.215","2024-10-23 18:06:07.223",NULL,100,"I.2.2","5da765a9-1ca6-37e1-bcd6-7b387f909a4e","","","a235005c-f223-3c64-a0d2-f55d6f22f32f","direct-measure","26c1c597-1ef1-47ae-b352-fe8666ebc997","1ea4bc1a-0ea7-4696-9baf-558b7310ea49","0a68bce5-ca69-4a1b-9598-276802a6b257","CO2","528898","53d57487-96c3-4502-b9c0-f33f4a10d09d","0a68bce5-ca69-4a1b-9598-276802a6b257","528898",NULL,"","2024-10-23 18:06:07.235","2024-10-23 18:06:07.235","I.2.2","CO2",NULL,NULL,NULL,"9a73042e-bad8-4224-9f58-6e4abe25767b",NULL,NULL,NULL,NULL,NULL
"53d57487-96c3-4502-b9c0-f33f4a10d09d",NULL,"1ea4bc1a-0ea7-4696-9baf-558b7310ea49",NULL,"{""activityId"": null, ""dataQuality"": ""high"", ""activityTitle"": """", ""sourceExplanation"": ""Rio de Janeiro's 2020 Inventory CIRIS File"", ""emissionFactorType"": """"}","2024-10-23 18:06:07.219","2024-10-23 18:06:07.225","529191",100,"{""ch4_amount"": 1, ""co2_amount"": 528898, ""n2o_amount"": 1, ""data-source"": ""Rio de Janeiro's 2020 Inventory CIRIS File"", ""commercial-building-type"": ""type-commercial-institutional"", ""commercial-building-energy-usage"": ""energy-usage-electricity""}","1ea4bc1a-0ea7-4696-9baf-558b7310ea49",NULL,NULL,"529191","94bd54aa-01e7-3a2f-a1c1-a49121d8dcea","9a73042e-bad8-4224-9f58-6e4abe25767b","2024-10-23 18:06:07.215","2024-10-23 18:06:07.223",NULL,100,"I.2.2","5da765a9-1ca6-37e1-bcd6-7b387f909a4e","","","a235005c-f223-3c64-a0d2-f55d6f22f32f","direct-measure","d9cee896-0d21-42b2-9b80-1cd3ce64d2c8","1ea4bc1a-0ea7-4696-9baf-558b7310ea49","10fd48fb-5bb9-4c5c-bf33-7428454767d5","N2O","1","53d57487-96c3-4502-b9c0-f33f4a10d09d","10fd48fb-5bb9-4c5c-bf33-7428454767d5","1",NULL,"","2024-10-23 18:06:07.239","2024-10-23 18:06:07.239","I.2.2","N2O",NULL,NULL,NULL,"9a73042e-bad8-4224-9f58-6e4abe25767b",NULL,NULL,NULL,NULL,NULL
"568960f0-0101-49fc-8cc3-3766ee6677c3",NULL,"b4f9c7bb-6afe-4dc2-9451-d9965408b7b0",NULL,"{""activityId"": null, ""dataQuality"": ""high"", ""activityTitle"": """", ""sourceExplanation"": ""Rio de Janeiro's 2020 Inventory CIRIS File"", ""emissionFactorType"": """"}","2024-10-23 19:10:07.629","2024-10-23 19:10:29.389","5182",100,"{""ch4_amount"": 1, ""co2_amount"": 4889, ""n2o_amount"": 1, ""incineration-facility-id"": ""Usina Verde"", ""incineration-facility-address"": ""Rio""}","b4f9c7bb-6afe-4dc2-9451-d9965408b7b0",NULL,NULL,"5182","7582e783-dfd5-3caa-a06a-e10bcc75e089","9a73042e-bad8-4224-9f58-6e4abe25767b","2024-10-23 19:10:07.626","2024-10-23 19:10:29.387",NULL,100,"III.3.3","d5acb72e-d915-310f-b3a3-77f634bcbf5e","","","0ed16605-c76a-3c07-892d-4383a7618943","direct-measure","579c7b93-06f5-47c7-b3d7-b50def179887","b4f9c7bb-6afe-4dc2-9451-d9965408b7b0","ee170cbc-aae9-40ad-934f-a1b327d8b421","CH4","1000","568960f0-0101-49fc-8cc3-3766ee6677c3","ee170cbc-aae9-40ad-934f-a1b327d8b421","1",NULL,"","2024-10-23 19:10:07.634","2024-10-23 19:10:29.391","III.3.3","CH4",NULL,NULL,NULL,"9a73042e-bad8-4224-9f58-6e4abe25767b",NULL,NULL,NULL,NULL,NULL
"568960f0-0101-49fc-8cc3-3766ee6677c3",NULL,"b4f9c7bb-6afe-4dc2-9451-d9965408b7b0",NULL,"{""activityId"": null, ""dataQuality"": ""high"", ""activityTitle"": """", ""sourceExplanation"": ""Rio de Janeiro's 2020 Inventory CIRIS File"", ""emissionFactorType"": """"}","2024-10-23 19:10:07.629","2024-10-23 19:10:29.389","5182",100,"{""ch4_amount"": 1, ""co2_amount"": 4889, ""n2o_amount"": 1, ""incineration-facility-id"": ""Usina Verde"", ""incineration-facility-address"": ""Rio""}","b4f9c7bb-6afe-4dc2-9451-d9965408b7b0",NULL,NULL,"5182","7582e783-dfd5-3caa-a06a-e10bcc75e089","9a73042e-bad8-4224-9f58-6e4abe25767b","2024-10-23 19:10:07.626","2024-10-23 19:10:29.387",NULL,100,"III.3.3","d5acb72e-d915-310f-b3a3-77f634bcbf5e","","","0ed16605-c76a-3c07-892d-4383a7618943","direct-measure","398c4b92-c80c-42d1-9305-96b4931c9a6c","b4f9c7bb-6afe-4dc2-9451-d9965408b7b0","c3a72846-f521-494c-8848-584b06ad1481","N2O","1000","568960f0-0101-49fc-8cc3-3766ee6677c3","c3a72846-f521-494c-8848-584b06ad1481","1",NULL,"","2024-10-23 19:10:07.64","2024-10-23 19:10:29.397","III.3.3","N2O",NULL,NULL,NULL,"9a73042e-bad8-4224-9f58-6e4abe25767b",NULL,NULL,NULL,NULL,NULL
"568960f0-0101-49fc-8cc3-3766ee6677c3",NULL,"b4f9c7bb-6afe-4dc2-9451-d9965408b7b0",NULL,"{""activityId"": null, ""dataQuality"": ""high"", ""activityTitle"": """", ""sourceExplanation"": ""Rio de Janeiro's 2020 Inventory CIRIS File"", ""emissionFactorType"": """"}","2024-10-23 19:10:07.629","2024-10-23 19:10:29.389","5182",100,"{""ch4_amount"": 1, ""co2_amount"": 4889, ""n2o_amount"": 1, ""incineration-facility-id"": ""Usina Verde"", ""incineration-facility-address"": ""Rio""}","b4f9c7bb-6afe-4dc2-9451-d9965408b7b0",NULL,NULL,"5182","7582e783-dfd5-3caa-a06a-e10bcc75e089","9a73042e-bad8-4224-9f58-6e4abe25767b","2024-10-23 19:10:07.626","2024-10-23 19:10:29.387",NULL,100,"III.3.3","d5acb72e-d915-310f-b3a3-77f634bcbf5e","","","0ed16605-c76a-3c07-892d-4383a7618943","direct-measure","6f0e8205-05b9-4de0-a26f-aeea96322f20","b4f9c7bb-6afe-4dc2-9451-d9965408b7b0","69be457d-a9d2-485f-ad70-2f92cdd18499","CO2","4889","568960f0-0101-49fc-8cc3-3766ee6677c3","69be457d-a9d2-485f-ad70-2f92cdd18499","4889",NULL,"","2024-10-23 19:10:07.637","2024-10-23 19:10:29.394","III.3.3","CO2",NULL,NULL,NULL,"9a73042e-bad8-4224-9f58-6e4abe25767b",NULL,NULL,NULL,NULL,NULL
"71a63ed6-2e50-430f-bf7f-cb96c1b55848",NULL,"3e4fd69d-3800-4c6c-b6c8-2ca37d951894",NULL,"{""activityId"": null, ""dataQuality"": ""high"", ""activityTitle"": """", ""sourceExplanation"": ""Rio de Janeiro's 2020 Inventory CIRIS File"", ""emissionFactorType"": """"}","2024-10-23 18:52:08.588","2024-10-23 18:52:08.593","34058",100,"{""ch4_amount"": 1, ""co2_amount"": 33765, ""n2o_amount"": 1, ""data-source"": ""Rio de Janeiro's 2020 Inventory CIRIS File"", ""waterborne-navigation-fuel-type"": ""fuel-type-diesel"", ""waterborne-navigation-vehicle-type"": [""vehicle-type-ferries"", ""vehicle-type-boats"", ""vehicle-type-marine-vessels""]}","3e4fd69d-3800-4c6c-b6c8-2ca37d951894",NULL,NULL,"34058","97330bfb-b19a-3987-97e1-bb754b26e5b8","9a73042e-bad8-4224-9f58-6e4abe25767b","2024-10-23 18:52:08.584","2024-10-23 18:52:08.591",NULL,100,"II.3.1","73eb7b71-159c-3eda-b7fc-f6eb53754dc3","","","ab32c321-e9e1-31b3-9dde-f93ade472219","direct-measure","0e2777b1-c7a3-4e6c-849b-c9c0c753ea8b","3e4fd69d-3800-4c6c-b6c8-2ca37d951894","f6e2d5c5-05bd-48ad-9ff3-b8c291dece6e","N2O","1","71a63ed6-2e50-430f-bf7f-cb96c1b55848","f6e2d5c5-05bd-48ad-9ff3-b8c291dece6e","1",NULL,"","2024-10-23 18:52:08.611","2024-10-23 18:52:08.611","II.3.1","N2O",NULL,NULL,NULL,"9a73042e-bad8-4224-9f58-6e4abe25767b",NULL,NULL,NULL,NULL,NULL
"71a63ed6-2e50-430f-bf7f-cb96c1b55848",NULL,"3e4fd69d-3800-4c6c-b6c8-2ca37d951894",NULL,"{""activityId"": null, ""dataQuality"": ""high"", ""activityTitle"": """", ""sourceExplanation"": ""Rio de Janeiro's 2020 Inventory CIRIS File"", ""emissionFactorType"": """"}","2024-10-23 18:52:08.588","2024-10-23 18:52:08.593","34058",100,"{""ch4_amount"": 1, ""co2_amount"": 33765, ""n2o_amount"": 1, ""data-source"": ""Rio de Janeiro's 2020 Inventory CIRIS File"", ""waterborne-navigation-fuel-type"": ""fuel-type-diesel"", ""waterborne-navigation-vehicle-type"": [""vehicle-type-ferries"", ""vehicle-type-boats"", ""vehicle-type-marine-vessels""]}","3e4fd69d-3800-4c6c-b6c8-2ca37d951894",NULL,NULL,"34058","97330bfb-b19a-3987-97e1-bb754b26e5b8","9a73042e-bad8-4224-9f58-6e4abe25767b","2024-10-23 18:52:08.584","2024-10-23 18:52:08.591",NULL,100,"II.3.1","73eb7b71-159c-3eda-b7fc-f6eb53754dc3","","","ab32c321-e9e1-31b3-9dde-f93ade472219","direct-measure","ffa6daa7-9aed-4608-ad87-9e0048c1c45d","3e4fd69d-3800-4c6c-b6c8-2ca37d951894","b6984dc9-b003-4956-a2cc-f5e57d072384","CO2","33765","71a63ed6-2e50-430f-bf7f-cb96c1b55848","b6984dc9-b003-4956-a2cc-f5e57d072384","33765",NULL,"","2024-10-23 18:52:08.599","2024-10-23 18:52:08.599","II.3.1","CO2",NULL,NULL,NULL,"9a73042e-bad8-4224-9f58-6e4abe25767b",NULL,NULL,NULL,NULL,NULL
"71a63ed6-2e50-430f-bf7f-cb96c1b55848",NULL,"3e4fd69d-3800-4c6c-b6c8-2ca37d951894",NULL,"{""activityId"": null, ""dataQuality"": ""high"", ""activityTitle"": """", ""sourceExplanation"": ""Rio de Janeiro's 2020 Inventory CIRIS File"", ""emissionFactorType"": """"}","2024-10-23 18:52:08.588","2024-10-23 18:52:08.593","34058",100,"{""ch4_amount"": 1, ""co2_amount"": 33765, ""n2o_amount"": 1, ""data-source"": ""Rio de Janeiro's 2020 Inventory CIRIS File"", ""waterborne-navigation-fuel-type"": ""fuel-type-diesel"", ""waterborne-navigation-vehicle-type"": [""vehicle-type-ferries"", ""vehicle-type-boats"", ""vehicle-type-marine-vessels""]}","3e4fd69d-3800-4c6c-b6c8-2ca37d951894",NULL,NULL,"34058","97330bfb-b19a-3987-97e1-bb754b26e5b8","9a73042e-bad8-4224-9f58-6e4abe25767b","2024-10-23 18:52:08.584","2024-10-23 18:52:08.591",NULL,100,"II.3.1","73eb7b71-159c-3eda-b7fc-f6eb53754dc3","","","ab32c321-e9e1-31b3-9dde-f93ade472219","direct-measure","da8992e7-7f48-4a1e-97db-15078e02d259","3e4fd69d-3800-4c6c-b6c8-2ca37d951894","57dfc763-c55d-401f-954f-fe1c3b4c1e8e","CH4","1","71a63ed6-2e50-430f-bf7f-cb96c1b55848","57dfc763-c55d-401f-954f-fe1c3b4c1e8e","1",NULL,"","2024-10-23 18:52:08.595","2024-10-23 18:52:08.595","II.3.1","CH4",NULL,NULL,NULL,"9a73042e-bad8-4224-9f58-6e4abe25767b",NULL,NULL,NULL,NULL,NULL
"859d2b07-1b1f-4850-8bc5-4580431c35a8",NULL,"efd6699f-9a34-44f3-bbe8-b5b3bbb025f8",NULL,"{""activityId"": null, ""dataQuality"": ""high"", ""activityTitle"": """", ""sourceExplanation"": ""Rio de Janeiro's 2020 Inventory CIRIS File"", ""emissionFactorType"": """"}","2024-10-23 18:03:35.105","2024-10-23 18:03:35.111","87805",100,"{""ch4_amount"": 1, ""co2_amount"": 87512, ""n2o_amount"": 1, ""data-source"": ""Rio de Janeiro's 2020 Inventory CIRIS File"", ""commercial-building-type"": ""type-commercial-institutional"", ""commercial-building-fuel-type"": ""fuel-type-all""}","efd6699f-9a34-44f3-bbe8-b5b3bbb025f8",NULL,NULL,"87805","942f2e36-ab1f-3fbf-af9e-31d997f518c7","9a73042e-bad8-4224-9f58-6e4abe25767b","2024-10-23 18:03:35.1","2024-10-23 18:03:35.109",NULL,100,"I.2.1","5da765a9-1ca6-37e1-bcd6-7b387f909a4e","","","a235005c-f223-3c64-a0d2-f55d6f22f32f","direct-measure","4194aade-69a2-4593-b5f0-a75b480ae09b","efd6699f-9a34-44f3-bbe8-b5b3bbb025f8","dacf8f59-9840-4eed-bd19-ec999ed34491","N2O","1","859d2b07-1b1f-4850-8bc5-4580431c35a8","dacf8f59-9840-4eed-bd19-ec999ed34491","1",NULL,"","2024-10-23 18:03:35.118","2024-10-23 18:03:35.118","I.2.1","N2O",NULL,NULL,NULL,"9a73042e-bad8-4224-9f58-6e4abe25767b",NULL,NULL,NULL,NULL,NULL
"859d2b07-1b1f-4850-8bc5-4580431c35a8",NULL,"efd6699f-9a34-44f3-bbe8-b5b3bbb025f8",NULL,"{""activityId"": null, ""dataQuality"": ""high"", ""activityTitle"": """", ""sourceExplanation"": ""Rio de Janeiro's 2020 Inventory CIRIS File"", ""emissionFactorType"": """"}","2024-10-23 18:03:35.105","2024-10-23 18:03:35.111","87805",100,"{""ch4_amount"": 1, ""co2_amount"": 87512, ""n2o_amount"": 1, ""data-source"": ""Rio de Janeiro's 2020 Inventory CIRIS File"", ""commercial-building-type"": ""type-commercial-institutional"", ""commercial-building-fuel-type"": ""fuel-type-all""}","efd6699f-9a34-44f3-bbe8-b5b3bbb025f8",NULL,NULL,"87805","942f2e36-ab1f-3fbf-af9e-31d997f518c7","9a73042e-bad8-4224-9f58-6e4abe25767b","2024-10-23 18:03:35.1","2024-10-23 18:03:35.109",NULL,100,"I.2.1","5da765a9-1ca6-37e1-bcd6-7b387f909a4e","","","a235005c-f223-3c64-a0d2-f55d6f22f32f","direct-measure","dfa0e8e9-e610-45aa-87d0-64ea6b664d63","efd6699f-9a34-44f3-bbe8-b5b3bbb025f8","a0942bc5-8aa7-4fc8-b46c-d73e68b2b50d","CH4","1","859d2b07-1b1f-4850-8bc5-4580431c35a8","a0942bc5-8aa7-4fc8-b46c-d73e68b2b50d","1",NULL,"","2024-10-23 18:03:35.112","2024-10-23 18:03:35.112","I.2.1","CH4",NULL,NULL,NULL,"9a73042e-bad8-4224-9f58-6e4abe25767b",NULL,NULL,NULL,NULL,NULL
"859d2b07-1b1f-4850-8bc5-4580431c35a8",NULL,"efd6699f-9a34-44f3-bbe8-b5b3bbb025f8",NULL,"{""activityId"": null, ""dataQuality"": ""high"", ""activityTitle"": """", ""sourceExplanation"": ""Rio de Janeiro's 2020 Inventory CIRIS File"", ""emissionFactorType"": """"}","2024-10-23 18:03:35.105","2024-10-23 18:03:35.111","87805",100,"{""ch4_amount"": 1, ""co2_amount"": 87512, ""n2o_amount"": 1, ""data-source"": ""Rio de Janeiro's 2020 Inventory CIRIS File"", ""commercial-building-type"": ""type-commercial-institutional"", ""commercial-building-fuel-type"": ""fuel-type-all""}","efd6699f-9a34-44f3-bbe8-b5b3bbb025f8",NULL,NULL,"87805","942f2e36-ab1f-3fbf-af9e-31d997f518c7","9a73042e-bad8-4224-9f58-6e4abe25767b","2024-10-23 18:03:35.1","2024-10-23 18:03:35.109",NULL,100,"I.2.1","5da765a9-1ca6-37e1-bcd6-7b387f909a4e","","","a235005c-f223-3c64-a0d2-f55d6f22f32f","direct-measure","1ab4cbb0-287f-4b06-811a-93218275629b","efd6699f-9a34-44f3-bbe8-b5b3bbb025f8","e1b3443f-0d59-44c7-b8a9-8340ee610719","CO2","87512","859d2b07-1b1f-4850-8bc5-4580431c35a8","e1b3443f-0d59-44c7-b8a9-8340ee610719","87512",NULL,"","2024-10-23 18:03:35.115","2024-10-23 18:03:35.115","I.2.1","CO2",NULL,NULL,NULL,"9a73042e-bad8-4224-9f58-6e4abe25767b",NULL,NULL,NULL,NULL,NULL
"85af71b2-f318-4b69-b801-f48f7d6989fa",NULL,"88cf8d1d-4eeb-40f7-b089-ca1f35daa81a",NULL,"{""activityId"": null, ""dataQuality"": ""high"", ""activityTitle"": """", ""sourceExplanation"": ""Rio de Janeiro's 2020 Inventory CIRIS File"", ""emissionFactorType"": """"}","2024-10-23 19:01:30.003","2024-10-23 19:01:30.007","2261293",100,"{""ch4_amount"": 1, ""co2_amount"": 2261000, ""n2o_amount"": 1, ""biological-treatment-inboundary-treatment-type"": ""treatment-type-composting"", ""direct-measure-biological-treatment-inboundary-source"": ""Rio de Janeiro's 2020 Inventory CIRIS File""}","88cf8d1d-4eeb-40f7-b089-ca1f35daa81a",NULL,NULL,"2261293","ac10b696-5b44-303a-b6f9-2a1906be76b1","9a73042e-bad8-4224-9f58-6e4abe25767b","2024-10-23 19:01:30","2024-10-23 19:01:30.006",NULL,100,"III.2.1","d5acb72e-d915-310f-b3a3-77f634bcbf5e","","","a8baeb06-0ab2-3215-a93e-2fcbe0e8f8a9","direct-measure","6dd61eb1-9b95-4608-a2c8-a17e8cad8f8a","88cf8d1d-4eeb-40f7-b089-ca1f35daa81a","05bd2c31-81ea-4a17-8ac8-ae7721499bdf","CH4","1","85af71b2-f318-4b69-b801-f48f7d6989fa","05bd2c31-81ea-4a17-8ac8-ae7721499bdf","1",NULL,"","2024-10-23 19:01:30.008","2024-10-23 19:01:30.008","III.2.1","CH4",NULL,NULL,NULL,"9a73042e-bad8-4224-9f58-6e4abe25767b",NULL,NULL,NULL,NULL,NULL
"85af71b2-f318-4b69-b801-f48f7d6989fa",NULL,"88cf8d1d-4eeb-40f7-b089-ca1f35daa81a",NULL,"{""activityId"": null, ""dataQuality"": ""high"", ""activityTitle"": """", ""sourceExplanation"": ""Rio de Janeiro's 2020 Inventory CIRIS File"", ""emissionFactorType"": """"}","2024-10-23 19:01:30.003","2024-10-23 19:01:30.007","2261293",100,"{""ch4_amount"": 1, ""co2_amount"": 2261000, ""n2o_amount"": 1, ""biological-treatment-inboundary-treatment-type"": ""treatment-type-composting"", ""direct-measure-biological-treatment-inboundary-source"": ""Rio de Janeiro's 2020 Inventory CIRIS File""}","88cf8d1d-4eeb-40f7-b089-ca1f35daa81a",NULL,NULL,"2261293","ac10b696-5b44-303a-b6f9-2a1906be76b1","9a73042e-bad8-4224-9f58-6e4abe25767b","2024-10-23 19:01:30","2024-10-23 19:01:30.006",NULL,100,"III.2.1","d5acb72e-d915-310f-b3a3-77f634bcbf5e","","","a8baeb06-0ab2-3215-a93e-2fcbe0e8f8a9","direct-measure","f16f3229-8755-458b-a1cc-099b5e08313f","88cf8d1d-4eeb-40f7-b089-ca1f35daa81a","0fe388cb-903d-484e-8b67-872de98de587","CO2","2261000","85af71b2-f318-4b69-b801-f48f7d6989fa","0fe388cb-903d-484e-8b67-872de98de587","2261000",NULL,"","2024-10-23 19:01:30.011","2024-10-23 19:01:30.011","III.2.1","CO2",NULL,NULL,NULL,"9a73042e-bad8-4224-9f58-6e4abe25767b",NULL,NULL,NULL,NULL,NULL
"85af71b2-f318-4b69-b801-f48f7d6989fa",NULL,"88cf8d1d-4eeb-40f7-b089-ca1f35daa81a",NULL,"{""activityId"": null, ""dataQuality"": ""high"", ""activityTitle"": """", ""sourceExplanation"": ""Rio de Janeiro's 2020 Inventory CIRIS File"", ""emissionFactorType"": """"}","2024-10-23 19:01:30.003","2024-10-23 19:01:30.007","2261293",100,"{""ch4_amount"": 1, ""co2_amount"": 2261000, ""n2o_amount"": 1, ""biological-treatment-inboundary-treatment-type"": ""treatment-type-composting"", ""direct-measure-biological-treatment-inboundary-source"": ""Rio de Janeiro's 2020 Inventory CIRIS File""}","88cf8d1d-4eeb-40f7-b089-ca1f35daa81a",NULL,NULL,"2261293","ac10b696-5b44-303a-b6f9-2a1906be76b1","9a73042e-bad8-4224-9f58-6e4abe25767b","2024-10-23 19:01:30","2024-10-23 19:01:30.006",NULL,100,"III.2.1","d5acb72e-d915-310f-b3a3-77f634bcbf5e","","","a8baeb06-0ab2-3215-a93e-2fcbe0e8f8a9","direct-measure","03882cc5-1772-4c87-ae7b-6b94c631a277","88cf8d1d-4eeb-40f7-b089-ca1f35daa81a","f108b89b-e9df-4967-9f35-7a2789922d85","N2O","1","85af71b2-f318-4b69-b801-f48f7d6989fa","f108b89b-e9df-4967-9f35-7a2789922d85","1",NULL,"","2024-10-23 19:01:30.014","2024-10-23 19:01:30.014","III.2.1","N2O",NULL,NULL,NULL,"9a73042e-bad8-4224-9f58-6e4abe25767b",NULL,NULL,NULL,NULL,NULL
"862b5627-35d5-47b4-a846-55fd66f0c70b",NULL,"8fdf41a7-cd5f-4c71-b549-d5cfa547a6ca",NULL,"{""activityId"": null, ""dataQuality"": ""high"", ""activityTitle"": """", ""sourceExplanation"": ""Rio de Janeiro's 2020 Inventory CIRIS File"", ""emissionFactorType"": """"}","2024-10-23 18:20:03.525","2024-10-23 18:20:03.531","2247413",100,"{""ch4_amount"": 1, ""co2_amount"": 2247120, ""n2o_amount"": 1, ""data-source"": ""Rio de Janeiro's 2020 Inventory CIRIS File"", ""energy-industries-type"": ""type-electricity-generation"", ""energy-industries-energy-usage"": ""energy-usage-electricity""}","8fdf41a7-cd5f-4c71-b549-d5cfa547a6ca",NULL,NULL,"2247413","ac047081-bd46-3fb9-8b6b-426f20fad176","9a73042e-bad8-4224-9f58-6e4abe25767b","2024-10-23 18:20:03.522","2024-10-23 18:20:03.53",NULL,100,"I.4.2","5da765a9-1ca6-37e1-bcd6-7b387f909a4e","","","4f342e84-0269-3f04-aceb-1d6cd0a183bc","direct-measure","ec9a35da-ebc1-449d-a1bf-0e908bb19fc2","8fdf41a7-cd5f-4c71-b549-d5cfa547a6ca","64bcac1a-0946-4df0-8769-7b6af0902eb9","CH4","1","862b5627-35d5-47b4-a846-55fd66f0c70b","64bcac1a-0946-4df0-8769-7b6af0902eb9","1",NULL,"","2024-10-23 18:20:03.532","2024-10-23 18:20:03.532","I.4.2","CH4",NULL,NULL,NULL,"9a73042e-bad8-4224-9f58-6e4abe25767b",NULL,NULL,NULL,NULL,NULL
"862b5627-35d5-47b4-a846-55fd66f0c70b",NULL,"8fdf41a7-cd5f-4c71-b549-d5cfa547a6ca",NULL,"{""activityId"": null, ""dataQuality"": ""high"", ""activityTitle"": """", ""sourceExplanation"": ""Rio de Janeiro's 2020 Inventory CIRIS File"", ""emissionFactorType"": """"}","2024-10-23 18:20:03.525","2024-10-23 18:20:03.531","2247413",100,"{""ch4_amount"": 1, ""co2_amount"": 2247120, ""n2o_amount"": 1, ""data-source"": ""Rio de Janeiro's 2020 Inventory CIRIS File"", ""energy-industries-type"": ""type-electricity-generation"", ""energy-industries-energy-usage"": ""energy-usage-electricity""}","8fdf41a7-cd5f-4c71-b549-d5cfa547a6ca",NULL,NULL,"2247413","ac047081-bd46-3fb9-8b6b-426f20fad176","9a73042e-bad8-4224-9f58-6e4abe25767b","2024-10-23 18:20:03.522","2024-10-23 18:20:03.53",NULL,100,"I.4.2","5da765a9-1ca6-37e1-bcd6-7b387f909a4e","","","4f342e84-0269-3f04-aceb-1d6cd0a183bc","direct-measure","7f266069-1eda-4e21-9249-44a91fdd5278","8fdf41a7-cd5f-4c71-b549-d5cfa547a6ca","635168b6-4722-4ff4-adf4-bc4ad44d86b2","N2O","1","862b5627-35d5-47b4-a846-55fd66f0c70b","635168b6-4722-4ff4-adf4-bc4ad44d86b2","1",NULL,"","2024-10-23 18:20:03.538","2024-10-23 18:20:03.538","I.4.2","N2O",NULL,NULL,NULL,"9a73042e-bad8-4224-9f58-6e4abe25767b",NULL,NULL,NULL,NULL,NULL
"862b5627-35d5-47b4-a846-55fd66f0c70b",NULL,"8fdf41a7-cd5f-4c71-b549-d5cfa547a6ca",NULL,"{""activityId"": null, ""dataQuality"": ""high"", ""activityTitle"": """", ""sourceExplanation"": ""Rio de Janeiro's 2020 Inventory CIRIS File"", ""emissionFactorType"": """"}","2024-10-23 18:20:03.525","2024-10-23 18:20:03.531","2247413",100,"{""ch4_amount"": 1, ""co2_amount"": 2247120, ""n2o_amount"": 1, ""data-source"": ""Rio de Janeiro's 2020 Inventory CIRIS File"", ""energy-industries-type"": ""type-electricity-generation"", ""energy-industries-energy-usage"": ""energy-usage-electricity""}","8fdf41a7-cd5f-4c71-b549-d5cfa547a6ca",NULL,NULL,"2247413","ac047081-bd46-3fb9-8b6b-426f20fad176","9a73042e-bad8-4224-9f58-6e4abe25767b","2024-10-23 18:20:03.522","2024-10-23 18:20:03.53",NULL,100,"I.4.2","5da765a9-1ca6-37e1-bcd6-7b387f909a4e","","","4f342e84-0269-3f04-aceb-1d6cd0a183bc","direct-measure","0b0d7107-40fa-44d0-a683-5e3efaed02c2","8fdf41a7-cd5f-4c71-b549-d5cfa547a6ca","da6cd909-e560-4448-8236-ef87f18d62a3","CO2","2247120","862b5627-35d5-47b4-a846-55fd66f0c70b","da6cd909-e560-4448-8236-ef87f18d62a3","2247120",NULL,"","2024-10-23 18:20:03.535","2024-10-23 18:20:03.535","I.4.2","CO2",NULL,NULL,NULL,"9a73042e-bad8-4224-9f58-6e4abe25767b",NULL,NULL,NULL,NULL,NULL
"9f59d888-e2b0-4a91-a3b1-e340ccdc09a1",NULL,"245174de-a06f-42f8-b4c2-618b0f6b6b2a",NULL,"{""activityId"": null, ""dataQuality"": ""high"", ""activityTitle"": """", ""sourceExplanation"": ""Rio de Janeiro's 2020 Inventory CIRIS File"", ""emissionFactorType"": """"}","2024-10-23 18:49:09.448","2024-10-23 18:49:09.454","21666",100,"{""ch4_amount"": 1, ""co2_amount"": 21373, ""n2o_amount"": 1, ""railways-vehicle-type"": [""vehicle-type-passenger-trains"", ""vehicle-type-freight-trains""], ""railways-electricity-source"": ""Rio de Janeiro's 2020 Inventory CIRIS File""}","245174de-a06f-42f8-b4c2-618b0f6b6b2a",NULL,NULL,"21666","9c36256a-80e5-31a4-a3fa-a9a641135a61","9a73042e-bad8-4224-9f58-6e4abe25767b","2024-10-23 18:49:09.446","2024-10-23 18:49:09.452",NULL,100,"II.2.2","73eb7b71-159c-3eda-b7fc-f6eb53754dc3","","","8cf35b86-9ed2-36bd-b04d-eddc47db6676","direct-measure","28f8b838-c064-4d53-8801-c5af0d64987a","245174de-a06f-42f8-b4c2-618b0f6b6b2a","84c60549-4b16-435a-8770-f3543ed6f6e1","CO2","21373","9f59d888-e2b0-4a91-a3b1-e340ccdc09a1","84c60549-4b16-435a-8770-f3543ed6f6e1","21373",NULL,"","2024-10-23 18:49:09.462","2024-10-23 18:49:09.462","II.2.2","CO2",NULL,NULL,NULL,"9a73042e-bad8-4224-9f58-6e4abe25767b",NULL,NULL,NULL,NULL,NULL
"9f59d888-e2b0-4a91-a3b1-e340ccdc09a1",NULL,"245174de-a06f-42f8-b4c2-618b0f6b6b2a",NULL,"{""activityId"": null, ""dataQuality"": ""high"", ""activityTitle"": """", ""sourceExplanation"": ""Rio de Janeiro's 2020 Inventory CIRIS File"", ""emissionFactorType"": """"}","2024-10-23 18:49:09.448","2024-10-23 18:49:09.454","21666",100,"{""ch4_amount"": 1, ""co2_amount"": 21373, ""n2o_amount"": 1, ""railways-vehicle-type"": [""vehicle-type-passenger-trains"", ""vehicle-type-freight-trains""], ""railways-electricity-source"": ""Rio de Janeiro's 2020 Inventory CIRIS File""}","245174de-a06f-42f8-b4c2-618b0f6b6b2a",NULL,NULL,"21666","9c36256a-80e5-31a4-a3fa-a9a641135a61","9a73042e-bad8-4224-9f58-6e4abe25767b","2024-10-23 18:49:09.446","2024-10-23 18:49:09.452",NULL,100,"II.2.2","73eb7b71-159c-3eda-b7fc-f6eb53754dc3","","","8cf35b86-9ed2-36bd-b04d-eddc47db6676","direct-measure","2f159390-343b-4414-8138-59903576f513","245174de-a06f-42f8-b4c2-618b0f6b6b2a","d84caf17-303a-4ad9-8d90-3b6b70a07d99","CH4","1","9f59d888-e2b0-4a91-a3b1-e340ccdc09a1","d84caf17-303a-4ad9-8d90-3b6b70a07d99","1",NULL,"","2024-10-23 18:49:09.457","2024-10-23 18:49:09.457","II.2.2","CH4",NULL,NULL,NULL,"9a73042e-bad8-4224-9f58-6e4abe25767b",NULL,NULL,NULL,NULL,NULL
"9f59d888-e2b0-4a91-a3b1-e340ccdc09a1",NULL,"245174de-a06f-42f8-b4c2-618b0f6b6b2a",NULL,"{""activityId"": null, ""dataQuality"": ""high"", ""activityTitle"": """", ""sourceExplanation"": ""Rio de Janeiro's 2020 Inventory CIRIS File"", ""emissionFactorType"": """"}","2024-10-23 18:49:09.448","2024-10-23 18:49:09.454","21666",100,"{""ch4_amount"": 1, ""co2_amount"": 21373, ""n2o_amount"": 1, ""railways-vehicle-type"": [""vehicle-type-passenger-trains"", ""vehicle-type-freight-trains""], ""railways-electricity-source"": ""Rio de Janeiro's 2020 Inventory CIRIS File""}","245174de-a06f-42f8-b4c2-618b0f6b6b2a",NULL,NULL,"21666","9c36256a-80e5-31a4-a3fa-a9a641135a61","9a73042e-bad8-4224-9f58-6e4abe25767b","2024-10-23 18:49:09.446","2024-10-23 18:49:09.452",NULL,100,"II.2.2","73eb7b71-159c-3eda-b7fc-f6eb53754dc3","","","8cf35b86-9ed2-36bd-b04d-eddc47db6676","direct-measure","0a509f4d-d598-448d-9176-c0501ef6b6ea","245174de-a06f-42f8-b4c2-618b0f6b6b2a","fe2e0cb9-c7ab-4101-8d17-946d877dc44e","N2O","1","9f59d888-e2b0-4a91-a3b1-e340ccdc09a1","fe2e0cb9-c7ab-4101-8d17-946d877dc44e","1",NULL,"","2024-10-23 18:49:09.465","2024-10-23 18:49:09.465","II.2.2","N2O",NULL,NULL,NULL,"9a73042e-bad8-4224-9f58-6e4abe25767b",NULL,NULL,NULL,NULL,NULL
"a1b24075-652c-4ff1-808e-bd2293cf2f06",NULL,"0d286b40-2d16-4de3-a66e-75a64ad9ea8f",NULL,"{""activityId"": null, ""dataQuality"": ""high"", ""activityTitle"": """", ""sourceExplanation"": ""Rio de Janeiro's 2020 Inventory CIRIS File"", ""emissionFactorType"": """"}","2024-10-23 18:17:51.124","2024-10-23 18:17:51.13","11731",100,"{""ch4_amount"": 1, ""co2_amount"": 11438, ""n2o_amount"": 1, ""data-source"": ""Rio de Janeiro's 2020 Inventory CIRIS File"", ""energy-industries-type"": ""type-all"", ""energy-industries-fuel-type"": ""fuel-type-all""}","0d286b40-2d16-4de3-a66e-75a64ad9ea8f",NULL,NULL,"11731","5b799042-8ab0-3056-9166-5c74db8756a4","9a73042e-bad8-4224-9f58-6e4abe25767b","2024-10-23 18:17:51.12","2024-10-23 18:17:51.128",NULL,100,"I.4.1","5da765a9-1ca6-37e1-bcd6-7b387f909a4e","","","4f342e84-0269-3f04-aceb-1d6cd0a183bc","direct-measure","21b75c95-4758-48ef-a295-a0353fb961a5","0d286b40-2d16-4de3-a66e-75a64ad9ea8f","7966177a-6881-4941-a1c8-cbe6b39023d3","CH4","1","a1b24075-652c-4ff1-808e-bd2293cf2f06","7966177a-6881-4941-a1c8-cbe6b39023d3","1",NULL,"","2024-10-23 18:17:51.132","2024-10-23 18:17:51.132","I.4.1","CH4",NULL,NULL,NULL,"9a73042e-bad8-4224-9f58-6e4abe25767b",NULL,NULL,NULL,NULL,NULL
"a1b24075-652c-4ff1-808e-bd2293cf2f06",NULL,"0d286b40-2d16-4de3-a66e-75a64ad9ea8f",NULL,"{""activityId"": null, ""dataQuality"": ""high"", ""activityTitle"": """", ""sourceExplanation"": ""Rio de Janeiro's 2020 Inventory CIRIS File"", ""emissionFactorType"": """"}","2024-10-23 18:17:51.124","2024-10-23 18:17:51.13","11731",100,"{""ch4_amount"": 1, ""co2_amount"": 11438, ""n2o_amount"": 1, ""data-source"": ""Rio de Janeiro's 2020 Inventory CIRIS File"", ""energy-industries-type"": ""type-all"", ""energy-industries-fuel-type"": ""fuel-type-all""}","0d286b40-2d16-4de3-a66e-75a64ad9ea8f",NULL,NULL,"11731","5b799042-8ab0-3056-9166-5c74db8756a4","9a73042e-bad8-4224-9f58-6e4abe25767b","2024-10-23 18:17:51.12","2024-10-23 18:17:51.128",NULL,100,"I.4.1","5da765a9-1ca6-37e1-bcd6-7b387f909a4e","","","4f342e84-0269-3f04-aceb-1d6cd0a183bc","direct-measure","1ada9c78-e63d-4c78-abe3-714716ff2277","0d286b40-2d16-4de3-a66e-75a64ad9ea8f","5e21a3b4-9b86-4280-a26a-01ea92a0c3a4","CO2","11438","a1b24075-652c-4ff1-808e-bd2293cf2f06","5e21a3b4-9b86-4280-a26a-01ea92a0c3a4","11438",NULL,"","2024-10-23 18:17:51.136","2024-10-23 18:17:51.136","I.4.1","CO2",NULL,NULL,NULL,"9a73042e-bad8-4224-9f58-6e4abe25767b",NULL,NULL,NULL,NULL,NULL
"a1b24075-652c-4ff1-808e-bd2293cf2f06",NULL,"0d286b40-2d16-4de3-a66e-75a64ad9ea8f",NULL,"{""activityId"": null, ""dataQuality"": ""high"", ""activityTitle"": """", ""sourceExplanation"": ""Rio de Janeiro's 2020 Inventory CIRIS File"", ""emissionFactorType"": """"}","2024-10-23 18:17:51.124","2024-10-23 18:17:51.13","11731",100,"{""ch4_amount"": 1, ""co2_amount"": 11438, ""n2o_amount"": 1, ""data-source"": ""Rio de Janeiro's 2020 Inventory CIRIS File"", ""energy-industries-type"": ""type-all"", ""energy-industries-fuel-type"": ""fuel-type-all""}","0d286b40-2d16-4de3-a66e-75a64ad9ea8f",NULL,NULL,"11731","5b799042-8ab0-3056-9166-5c74db8756a4","9a73042e-bad8-4224-9f58-6e4abe25767b","2024-10-23 18:17:51.12","2024-10-23 18:17:51.128",NULL,100,"I.4.1","5da765a9-1ca6-37e1-bcd6-7b387f909a4e","","","4f342e84-0269-3f04-aceb-1d6cd0a183bc","direct-measure","22685b2b-8e5c-42f7-8fc1-94e76608d501","0d286b40-2d16-4de3-a66e-75a64ad9ea8f","f37fc8b3-796e-41f3-a693-7210982d4b3d","N2O","1","a1b24075-652c-4ff1-808e-bd2293cf2f06","f37fc8b3-796e-41f3-a693-7210982d4b3d","1",NULL,"","2024-10-23 18:17:51.139","2024-10-23 18:17:51.139","I.4.1","N2O",NULL,NULL,NULL,"9a73042e-bad8-4224-9f58-6e4abe25767b",NULL,NULL,NULL,NULL,NULL
"a3d76688-9351-4416-aa39-48cfc2dbd585",NULL,"dfabc51e-4d6c-48bf-9635-532a53e3950f",NULL,"{""activityId"": null, ""dataQuality"": ""high"", ""activityTitle"": """", ""sourceExplanation"": ""Rio de Janeiro's 2020 Inventory CIRIS File"", ""emissionFactorType"": """"}","2024-10-23 18:55:19.672","2024-10-23 18:55:19.676","931963",100,"{""ch4_amount"": 1, ""co2_amount"": 931670, ""n2o_amount"": 1, ""data-source"": ""Rio de Janeiro's 2020 Inventory CIRIS File"", ""aviation-fuel-type"": [""fuel-type-gasoline""], ""aviation-vehicle-type"": [""vehicle-type-passenger-aircraft"", ""vehicle-type-cargo-aircraft"", ""vehicle-type-private-and-business-aircraft""]}","dfabc51e-4d6c-48bf-9635-532a53e3950f",NULL,NULL,"931963","e47f1e6b-ca6c-32a7-a705-d2ee77424ef9","9a73042e-bad8-4224-9f58-6e4abe25767b","2024-10-23 18:55:19.67","2024-10-23 18:55:19.675",NULL,100,"II.4.1","73eb7b71-159c-3eda-b7fc-f6eb53754dc3","","","5b84b809-1878-3b1b-bf6b-250c64d5e920","direct-measure","c97ab4e9-ea32-4c94-8476-f15b73fa77cb","dfabc51e-4d6c-48bf-9635-532a53e3950f","4e63445b-5754-4175-8db9-25163f26530f","CH4","1","a3d76688-9351-4416-aa39-48cfc2dbd585","4e63445b-5754-4175-8db9-25163f26530f","1",NULL,"","2024-10-23 18:55:19.678","2024-10-23 18:55:19.678","II.4.1","CH4",NULL,NULL,NULL,"9a73042e-bad8-4224-9f58-6e4abe25767b",NULL,NULL,NULL,NULL,NULL
"a3d76688-9351-4416-aa39-48cfc2dbd585",NULL,"dfabc51e-4d6c-48bf-9635-532a53e3950f",NULL,"{""activityId"": null, ""dataQuality"": ""high"", ""activityTitle"": """", ""sourceExplanation"": ""Rio de Janeiro's 2020 Inventory CIRIS File"", ""emissionFactorType"": """"}","2024-10-23 18:55:19.672","2024-10-23 18:55:19.676","931963",100,"{""ch4_amount"": 1, ""co2_amount"": 931670, ""n2o_amount"": 1, ""data-source"": ""Rio de Janeiro's 2020 Inventory CIRIS File"", ""aviation-fuel-type"": [""fuel-type-gasoline""], ""aviation-vehicle-type"": [""vehicle-type-passenger-aircraft"", ""vehicle-type-cargo-aircraft"", ""vehicle-type-private-and-business-aircraft""]}","dfabc51e-4d6c-48bf-9635-532a53e3950f",NULL,NULL,"931963","e47f1e6b-ca6c-32a7-a705-d2ee77424ef9","9a73042e-bad8-4224-9f58-6e4abe25767b","2024-10-23 18:55:19.67","2024-10-23 18:55:19.675",NULL,100,"II.4.1","73eb7b71-159c-3eda-b7fc-f6eb53754dc3","","","5b84b809-1878-3b1b-bf6b-250c64d5e920","direct-measure","0cd31b9e-9aec-45ad-83e8-ca3528d9ce29","dfabc51e-4d6c-48bf-9635-532a53e3950f","2c261808-c658-4e2c-b9ed-7849065feb56","N2O","1","a3d76688-9351-4416-aa39-48cfc2dbd585","2c261808-c658-4e2c-b9ed-7849065feb56","1",NULL,"","2024-10-23 18:55:19.683","2024-10-23 18:55:19.683","II.4.1","N2O",NULL,NULL,NULL,"9a73042e-bad8-4224-9f58-6e4abe25767b",NULL,NULL,NULL,NULL,NULL
"a3d76688-9351-4416-aa39-48cfc2dbd585",NULL,"dfabc51e-4d6c-48bf-9635-532a53e3950f",NULL,"{""activityId"": null, ""dataQuality"": ""high"", ""activityTitle"": """", ""sourceExplanation"": ""Rio de Janeiro's 2020 Inventory CIRIS File"", ""emissionFactorType"": """"}","2024-10-23 18:55:19.672","2024-10-23 18:55:19.676","931963",100,"{""ch4_amount"": 1, ""co2_amount"": 931670, ""n2o_amount"": 1, ""data-source"": ""Rio de Janeiro's 2020 Inventory CIRIS File"", ""aviation-fuel-type"": [""fuel-type-gasoline""], ""aviation-vehicle-type"": [""vehicle-type-passenger-aircraft"", ""vehicle-type-cargo-aircraft"", ""vehicle-type-private-and-business-aircraft""]}","dfabc51e-4d6c-48bf-9635-532a53e3950f",NULL,NULL,"931963","e47f1e6b-ca6c-32a7-a705-d2ee77424ef9","9a73042e-bad8-4224-9f58-6e4abe25767b","2024-10-23 18:55:19.67","2024-10-23 18:55:19.675",NULL,100,"II.4.1","73eb7b71-159c-3eda-b7fc-f6eb53754dc3","","","5b84b809-1878-3b1b-bf6b-250c64d5e920","direct-measure","d4bf341a-58d2-4d80-86ec-bc058512341d","dfabc51e-4d6c-48bf-9635-532a53e3950f","e209fd80-9d77-42f6-a0f4-6f2e5263d759","CO2","931670","a3d76688-9351-4416-aa39-48cfc2dbd585","e209fd80-9d77-42f6-a0f4-6f2e5263d759","931670",NULL,"","2024-10-23 18:55:19.681","2024-10-23 18:55:19.681","II.4.1","CO2",NULL,NULL,NULL,"9a73042e-bad8-4224-9f58-6e4abe25767b",NULL,NULL,NULL,NULL,NULL
"a412b398-97e5-47b6-9316-01ad03e6c11e",NULL,"b4f2f052-ba98-499a-acc2-7d41869ed39e",NULL,"{""activityId"": null, ""dataQuality"": ""high"", ""activityTitle"": """", ""sourceExplanation"": ""Rio de Janeiro's 2020 Inventory CIRIS File"", ""emissionFactorType"": """"}","2024-10-23 19:00:09.082","2024-10-23 19:00:09.086","4889293",100,"{""ch4_amount"": 1, ""co2_amount"": 4889000, ""n2o_amount"": 1, ""landfill-id"": ""Usina Verde"", ""landfill-address"": ""Rio"", ""direct-measure-solid-waste-outboundary-source"": ""Rio de Janeiro's 2020 Inventory CIRIS File""}","b4f2f052-ba98-499a-acc2-7d41869ed39e",NULL,NULL,"4889293","e7218f77-9896-30db-8a47-afb6b1d084a8","9a73042e-bad8-4224-9f58-6e4abe25767b","2024-10-23 19:00:09.08","2024-10-23 19:00:09.085",NULL,100,"III.1.3","d5acb72e-d915-310f-b3a3-77f634bcbf5e","","","172d10c0-6b80-3173-902e-eca5c0af84c8","direct-measure","4a9ece19-70fe-4b01-a694-7a45da211964","b4f2f052-ba98-499a-acc2-7d41869ed39e","314cb386-6990-41e8-b0c2-3cfaae4a341a","N2O","1","a412b398-97e5-47b6-9316-01ad03e6c11e","314cb386-6990-41e8-b0c2-3cfaae4a341a","1",NULL,"","2024-10-23 19:00:09.095","2024-10-23 19:00:09.095","III.1.3","N2O",NULL,NULL,NULL,"9a73042e-bad8-4224-9f58-6e4abe25767b",NULL,NULL,NULL,NULL,NULL
"a412b398-97e5-47b6-9316-01ad03e6c11e",NULL,"b4f2f052-ba98-499a-acc2-7d41869ed39e",NULL,"{""activityId"": null, ""dataQuality"": ""high"", ""activityTitle"": """", ""sourceExplanation"": ""Rio de Janeiro's 2020 Inventory CIRIS File"", ""emissionFactorType"": """"}","2024-10-23 19:00:09.082","2024-10-23 19:00:09.086","4889293",100,"{""ch4_amount"": 1, ""co2_amount"": 4889000, ""n2o_amount"": 1, ""landfill-id"": ""Usina Verde"", ""landfill-address"": ""Rio"", ""direct-measure-solid-waste-outboundary-source"": ""Rio de Janeiro's 2020 Inventory CIRIS File""}","b4f2f052-ba98-499a-acc2-7d41869ed39e",NULL,NULL,"4889293","e7218f77-9896-30db-8a47-afb6b1d084a8","9a73042e-bad8-4224-9f58-6e4abe25767b","2024-10-23 19:00:09.08","2024-10-23 19:00:09.085",NULL,100,"III.1.3","d5acb72e-d915-310f-b3a3-77f634bcbf5e","","","172d10c0-6b80-3173-902e-eca5c0af84c8","direct-measure","aac4434f-4dc6-4324-9f19-388ed79682d7","b4f2f052-ba98-499a-acc2-7d41869ed39e","9efe7bb8-eeaf-46e1-8b1d-267d9b943f62","CO2","4889000","a412b398-97e5-47b6-9316-01ad03e6c11e","9efe7bb8-eeaf-46e1-8b1d-267d9b943f62","4889000",NULL,"","2024-10-23 19:00:09.091","2024-10-23 19:00:09.091","III.1.3","CO2",NULL,NULL,NULL,"9a73042e-bad8-4224-9f58-6e4abe25767b",NULL,NULL,NULL,NULL,NULL
"a412b398-97e5-47b6-9316-01ad03e6c11e",NULL,"b4f2f052-ba98-499a-acc2-7d41869ed39e",NULL,"{""activityId"": null, ""dataQuality"": ""high"", ""activityTitle"": """", ""sourceExplanation"": ""Rio de Janeiro's 2020 Inventory CIRIS File"", ""emissionFactorType"": """"}","2024-10-23 19:00:09.082","2024-10-23 19:00:09.086","4889293",100,"{""ch4_amount"": 1, ""co2_amount"": 4889000, ""n2o_amount"": 1, ""landfill-id"": ""Usina Verde"", ""landfill-address"": ""Rio"", ""direct-measure-solid-waste-outboundary-source"": ""Rio de Janeiro's 2020 Inventory CIRIS File""}","b4f2f052-ba98-499a-acc2-7d41869ed39e",NULL,NULL,"4889293","e7218f77-9896-30db-8a47-afb6b1d084a8","9a73042e-bad8-4224-9f58-6e4abe25767b","2024-10-23 19:00:09.08","2024-10-23 19:00:09.085",NULL,100,"III.1.3","d5acb72e-d915-310f-b3a3-77f634bcbf5e","","","172d10c0-6b80-3173-902e-eca5c0af84c8","direct-measure","33bce1bf-c17b-48ec-bbcd-a5a1b9003e09","b4f2f052-ba98-499a-acc2-7d41869ed39e","30b9f767-066d-49d6-93ad-ee15e6f40d07","CH4","1","a412b398-97e5-47b6-9316-01ad03e6c11e","30b9f767-066d-49d6-93ad-ee15e6f40d07","1",NULL,"","2024-10-23 19:00:09.088","2024-10-23 19:00:09.088","III.1.3","CH4",NULL,NULL,NULL,"9a73042e-bad8-4224-9f58-6e4abe25767b",NULL,NULL,NULL,NULL,NULL
"ae63aab9-cef7-42c4-b260-1d9b12364424",NULL,"a21a343a-e66e-460e-9e52-0c2503cf1c96",NULL,"{""activityId"": null, ""dataQuality"": ""high"", ""activityTitle"": """", ""sourceExplanation"": ""Rio de Janeiro's 2020 Inventory CIRIS File"", ""emissionFactorType"": """"}","2024-10-23 18:24:26.116","2024-10-23 18:24:26.132","12293",100,"{""ch4_amount"": 1, ""co2_amount"": 12000, ""n2o_amount"": 1, ""data-source"": ""Rio de Janeiro's 2020 Inventory CIRIS File"", ""agriculture-forestry-fishing-activities-type"": ""type-stationary"", ""agriculture-forestry-fishing-activities-fuel-type"": ""fuel-type-all""}","a21a343a-e66e-460e-9e52-0c2503cf1c96",NULL,NULL,"12293","c7025070-1f90-3034-b366-6ec4ac178666","9a73042e-bad8-4224-9f58-6e4abe25767b","2024-10-23 18:22:17.783","2024-10-23 18:24:26.131",NULL,100,"I.5.1","5da765a9-1ca6-37e1-bcd6-7b387f909a4e","","","95c049d1-eff9-3b26-af49-2b32982e7dd9","direct-measure","75643c50-0a2c-4c12-9b5d-0e99e4c2760c","a21a343a-e66e-460e-9e52-0c2503cf1c96","eba61dba-3310-4ee7-9dba-bae0e04ee339","N2O","1","ae63aab9-cef7-42c4-b260-1d9b12364424","eba61dba-3310-4ee7-9dba-bae0e04ee339","1",NULL,"","2024-10-23 18:24:26.14","2024-10-23 18:24:26.14","I.5.1","N2O",NULL,NULL,NULL,"9a73042e-bad8-4224-9f58-6e4abe25767b",NULL,NULL,NULL,NULL,NULL
"ae63aab9-cef7-42c4-b260-1d9b12364424",NULL,"a21a343a-e66e-460e-9e52-0c2503cf1c96",NULL,"{""activityId"": null, ""dataQuality"": ""high"", ""activityTitle"": """", ""sourceExplanation"": ""Rio de Janeiro's 2020 Inventory CIRIS File"", ""emissionFactorType"": """"}","2024-10-23 18:24:26.116","2024-10-23 18:24:26.132","12293",100,"{""ch4_amount"": 1, ""co2_amount"": 12000, ""n2o_amount"": 1, ""data-source"": ""Rio de Janeiro's 2020 Inventory CIRIS File"", ""agriculture-forestry-fishing-activities-type"": ""type-stationary"", ""agriculture-forestry-fishing-activities-fuel-type"": ""fuel-type-all""}","a21a343a-e66e-460e-9e52-0c2503cf1c96",NULL,NULL,"12293","c7025070-1f90-3034-b366-6ec4ac178666","9a73042e-bad8-4224-9f58-6e4abe25767b","2024-10-23 18:22:17.783","2024-10-23 18:24:26.131",NULL,100,"I.5.1","5da765a9-1ca6-37e1-bcd6-7b387f909a4e","","","95c049d1-eff9-3b26-af49-2b32982e7dd9","direct-measure","9901096f-d3c8-457b-9eb7-91571469ee2a","a21a343a-e66e-460e-9e52-0c2503cf1c96","74116a79-706a-4264-a7c2-9274644d27e8","CO2","12000","ae63aab9-cef7-42c4-b260-1d9b12364424","74116a79-706a-4264-a7c2-9274644d27e8","12000",NULL,"","2024-10-23 18:24:26.137","2024-10-23 18:24:26.137","I.5.1","CO2",NULL,NULL,NULL,"9a73042e-bad8-4224-9f58-6e4abe25767b",NULL,NULL,NULL,NULL,NULL
"ae63aab9-cef7-42c4-b260-1d9b12364424",NULL,"a21a343a-e66e-460e-9e52-0c2503cf1c96",NULL,"{""activityId"": null, ""dataQuality"": ""high"", ""activityTitle"": """", ""sourceExplanation"": ""Rio de Janeiro's 2020 Inventory CIRIS File"", ""emissionFactorType"": """"}","2024-10-23 18:24:26.116","2024-10-23 18:24:26.132","12293",100,"{""ch4_amount"": 1, ""co2_amount"": 12000, ""n2o_amount"": 1, ""data-source"": ""Rio de Janeiro's 2020 Inventory CIRIS File"", ""agriculture-forestry-fishing-activities-type"": ""type-stationary"", ""agriculture-forestry-fishing-activities-fuel-type"": ""fuel-type-all""}","a21a343a-e66e-460e-9e52-0c2503cf1c96",NULL,NULL,"12293","c7025070-1f90-3034-b366-6ec4ac178666","9a73042e-bad8-4224-9f58-6e4abe25767b","2024-10-23 18:22:17.783","2024-10-23 18:24:26.131",NULL,100,"I.5.1","5da765a9-1ca6-37e1-bcd6-7b387f909a4e","","","95c049d1-eff9-3b26-af49-2b32982e7dd9","direct-measure","6f4ddf5e-cbf9-4710-b115-95bc23afc6ad","a21a343a-e66e-460e-9e52-0c2503cf1c96","5a2dffa8-313b-4e64-8eed-a34738e3ad04","CH4","1","ae63aab9-cef7-42c4-b260-1d9b12364424","5a2dffa8-313b-4e64-8eed-a34738e3ad04","1",NULL,"","2024-10-23 18:24:26.134","2024-10-23 18:24:26.134","I.5.1","CH4",NULL,NULL,NULL,"9a73042e-bad8-4224-9f58-6e4abe25767b",NULL,NULL,NULL,NULL,NULL
"af6bf65f-57d8-4fdc-a23e-acc9f7993680",NULL,"41cd81e4-7dc2-44c4-b9a0-f26ed9927d2a",NULL,"{""activityId"": null, ""dataQuality"": ""high"", ""activityTitle"": """", ""sourceExplanation"": ""Rio de Janeiro's 2020 Inventory CIRIS File"", ""emissionFactorType"": """"}","2024-10-23 18:58:48.613","2024-10-23 18:58:48.618","336293",100,"{""ch4_amount"": 1, ""co2_amount"": 336000, ""n2o_amount"": 1, ""landfill-id"": ""Usina Verde"", ""landfill-address"": ""Rio"", ""direct-measure-solid-waste-inboundary-source"": ""Rio de Janeiro's 2020 Inventory CIRIS File""}","41cd81e4-7dc2-44c4-b9a0-f26ed9927d2a",NULL,NULL,"336293","d4fc29ec-a073-34fb-abdb-3c27066451f3","9a73042e-bad8-4224-9f58-6e4abe25767b","2024-10-23 18:58:48.61","2024-10-23 18:58:48.617",NULL,100,"III.1.1","d5acb72e-d915-310f-b3a3-77f634bcbf5e","","","172d10c0-6b80-3173-902e-eca5c0af84c8","direct-measure","f28874a9-c920-4776-96bb-bd30b3ed8917","41cd81e4-7dc2-44c4-b9a0-f26ed9927d2a","5b4b796a-a7d8-4b78-adc7-776aed7914b7","CH4","1","af6bf65f-57d8-4fdc-a23e-acc9f7993680","5b4b796a-a7d8-4b78-adc7-776aed7914b7","1",NULL,"","2024-10-23 18:58:48.62","2024-10-23 18:58:48.62","III.1.1","CH4",NULL,NULL,NULL,"9a73042e-bad8-4224-9f58-6e4abe25767b",NULL,NULL,NULL,NULL,NULL
"af6bf65f-57d8-4fdc-a23e-acc9f7993680",NULL,"41cd81e4-7dc2-44c4-b9a0-f26ed9927d2a",NULL,"{""activityId"": null, ""dataQuality"": ""high"", ""activityTitle"": """", ""sourceExplanation"": ""Rio de Janeiro's 2020 Inventory CIRIS File"", ""emissionFactorType"": """"}","2024-10-23 18:58:48.613","2024-10-23 18:58:48.618","336293",100,"{""ch4_amount"": 1, ""co2_amount"": 336000, ""n2o_amount"": 1, ""landfill-id"": ""Usina Verde"", ""landfill-address"": ""Rio"", ""direct-measure-solid-waste-inboundary-source"": ""Rio de Janeiro's 2020 Inventory CIRIS File""}","41cd81e4-7dc2-44c4-b9a0-f26ed9927d2a",NULL,NULL,"336293","d4fc29ec-a073-34fb-abdb-3c27066451f3","9a73042e-bad8-4224-9f58-6e4abe25767b","2024-10-23 18:58:48.61","2024-10-23 18:58:48.617",NULL,100,"III.1.1","d5acb72e-d915-310f-b3a3-77f634bcbf5e","","","172d10c0-6b80-3173-902e-eca5c0af84c8","direct-measure","bebcff06-12ca-48cf-b014-71a32881aed3","41cd81e4-7dc2-44c4-b9a0-f26ed9927d2a","3d0a3139-f01c-4871-86bb-883c341f1442","N2O","1","af6bf65f-57d8-4fdc-a23e-acc9f7993680","3d0a3139-f01c-4871-86bb-883c341f1442","1",NULL,"","2024-10-23 18:58:48.627","2024-10-23 18:58:48.627","III.1.1","N2O",NULL,NULL,NULL,"9a73042e-bad8-4224-9f58-6e4abe25767b",NULL,NULL,NULL,NULL,NULL
"af6bf65f-57d8-4fdc-a23e-acc9f7993680",NULL,"41cd81e4-7dc2-44c4-b9a0-f26ed9927d2a",NULL,"{""activityId"": null, ""dataQuality"": ""high"", ""activityTitle"": """", ""sourceExplanation"": ""Rio de Janeiro's 2020 Inventory CIRIS File"", ""emissionFactorType"": """"}","2024-10-23 18:58:48.613","2024-10-23 18:58:48.618","336293",100,"{""ch4_amount"": 1, ""co2_amount"": 336000, ""n2o_amount"": 1, ""landfill-id"": ""Usina Verde"", ""landfill-address"": ""Rio"", ""direct-measure-solid-waste-inboundary-source"": ""Rio de Janeiro's 2020 Inventory CIRIS File""}","41cd81e4-7dc2-44c4-b9a0-f26ed9927d2a",NULL,NULL,"336293","d4fc29ec-a073-34fb-abdb-3c27066451f3","9a73042e-bad8-4224-9f58-6e4abe25767b","2024-10-23 18:58:48.61","2024-10-23 18:58:48.617",NULL,100,"III.1.1","d5acb72e-d915-310f-b3a3-77f634bcbf5e","","","172d10c0-6b80-3173-902e-eca5c0af84c8","direct-measure","e4fb3eb9-10fe-47fa-982a-cf218b476198","41cd81e4-7dc2-44c4-b9a0-f26ed9927d2a","670bb704-c49a-4afb-9b34-56ee7988b3aa","CO2","336000","af6bf65f-57d8-4fdc-a23e-acc9f7993680","670bb704-c49a-4afb-9b34-56ee7988b3aa","336000",NULL,"","2024-10-23 18:58:48.624","2024-10-23 18:58:48.624","III.1.1","CO2",NULL,NULL,NULL,"9a73042e-bad8-4224-9f58-6e4abe25767b",NULL,NULL,NULL,NULL,NULL
"bab80853-719e-4eb7-b87f-6d26ffc2446e",NULL,"957af6b6-6c4c-4b99-88c6-35a3da74f60d",NULL,"{""activityId"": null, ""dataQuality"": ""high"", ""activityTitle"": """", ""sourceExplanation"": ""Rio de Janeiro's 2020 Inventory CIRIS File"", ""emissionFactorType"": """"}","2024-10-23 18:45:17.162","2024-10-23 18:45:17.168","3125293",100,"{""ch4_amount"": 1, ""co2_amount"": 3125000, ""n2o_amount"": 1, ""data-source"": ""Rio de Janeiro's 2020 Inventory CIRIS File"", ""railways-fuel-type"": ""fuel-type-diesel"", ""railways-vehicle-type"": [""vehicle-type-passenger-trains"", ""vehicle-type-freight-trains""]}","957af6b6-6c4c-4b99-88c6-35a3da74f60d",NULL,NULL,"3125293","fc7d08ad-184e-3ecf-a5b6-17039d74915f","9a73042e-bad8-4224-9f58-6e4abe25767b","2024-10-23 18:45:17.158","2024-10-23 18:45:17.165",NULL,100,"II.2.1","73eb7b71-159c-3eda-b7fc-f6eb53754dc3","","","8cf35b86-9ed2-36bd-b04d-eddc47db6676","direct-measure","8508407d-f0ff-465e-b687-1061590b023e","957af6b6-6c4c-4b99-88c6-35a3da74f60d","4b568265-085f-4547-9b35-a84dff6ab097","CH4","1","bab80853-719e-4eb7-b87f-6d26ffc2446e","4b568265-085f-4547-9b35-a84dff6ab097","1",NULL,"","2024-10-23 18:45:17.18","2024-10-23 18:45:17.18","II.2.1","CH4",NULL,NULL,NULL,"9a73042e-bad8-4224-9f58-6e4abe25767b",NULL,NULL,NULL,NULL,NULL
"bab80853-719e-4eb7-b87f-6d26ffc2446e",NULL,"957af6b6-6c4c-4b99-88c6-35a3da74f60d",NULL,"{""activityId"": null, ""dataQuality"": ""high"", ""activityTitle"": """", ""sourceExplanation"": ""Rio de Janeiro's 2020 Inventory CIRIS File"", ""emissionFactorType"": """"}","2024-10-23 18:45:17.162","2024-10-23 18:45:17.168","3125293",100,"{""ch4_amount"": 1, ""co2_amount"": 3125000, ""n2o_amount"": 1, ""data-source"": ""Rio de Janeiro's 2020 Inventory CIRIS File"", ""railways-fuel-type"": ""fuel-type-diesel"", ""railways-vehicle-type"": [""vehicle-type-passenger-trains"", ""vehicle-type-freight-trains""]}","957af6b6-6c4c-4b99-88c6-35a3da74f60d",NULL,NULL,"3125293","fc7d08ad-184e-3ecf-a5b6-17039d74915f","9a73042e-bad8-4224-9f58-6e4abe25767b","2024-10-23 18:45:17.158","2024-10-23 18:45:17.165",NULL,100,"II.2.1","73eb7b71-159c-3eda-b7fc-f6eb53754dc3","","","8cf35b86-9ed2-36bd-b04d-eddc47db6676","direct-measure","8e86e203-8741-442c-bf94-12ed75dce375","957af6b6-6c4c-4b99-88c6-35a3da74f60d","a0483922-8d08-49cb-86f3-fb5da24a72f8","CO2","3125000","bab80853-719e-4eb7-b87f-6d26ffc2446e","a0483922-8d08-49cb-86f3-fb5da24a72f8","3125000",NULL,"","2024-10-23 18:45:17.198","2024-10-23 18:45:17.198","II.2.1","CO2",NULL,NULL,NULL,"9a73042e-bad8-4224-9f58-6e4abe25767b",NULL,NULL,NULL,NULL,NULL
"bab80853-719e-4eb7-b87f-6d26ffc2446e",NULL,"957af6b6-6c4c-4b99-88c6-35a3da74f60d",NULL,"{""activityId"": null, ""dataQuality"": ""high"", ""activityTitle"": """", ""sourceExplanation"": ""Rio de Janeiro's 2020 Inventory CIRIS File"", ""emissionFactorType"": """"}","2024-10-23 18:45:17.162","2024-10-23 18:45:17.168","3125293",100,"{""ch4_amount"": 1, ""co2_amount"": 3125000, ""n2o_amount"": 1, ""data-source"": ""Rio de Janeiro's 2020 Inventory CIRIS File"", ""railways-fuel-type"": ""fuel-type-diesel"", ""railways-vehicle-type"": [""vehicle-type-passenger-trains"", ""vehicle-type-freight-trains""]}","957af6b6-6c4c-4b99-88c6-35a3da74f60d",NULL,NULL,"3125293","fc7d08ad-184e-3ecf-a5b6-17039d74915f","9a73042e-bad8-4224-9f58-6e4abe25767b","2024-10-23 18:45:17.158","2024-10-23 18:45:17.165",NULL,100,"II.2.1","73eb7b71-159c-3eda-b7fc-f6eb53754dc3","","","8cf35b86-9ed2-36bd-b04d-eddc47db6676","direct-measure","c50c3c12-a1b2-4812-8a6d-8d85d1f56ac5","957af6b6-6c4c-4b99-88c6-35a3da74f60d","33a8d13f-f4bc-40c8-841e-0cbbf81e3813","N2O","1","bab80853-719e-4eb7-b87f-6d26ffc2446e","33a8d13f-f4bc-40c8-841e-0cbbf81e3813","1",NULL,"","2024-10-23 18:45:17.204","2024-10-23 18:45:17.204","II.2.1","N2O",NULL,NULL,NULL,"9a73042e-bad8-4224-9f58-6e4abe25767b",NULL,NULL,NULL,NULL,NULL
"c6838fd6-2fbd-4485-bb22-98e2d5d1ef88",NULL,"40f5f865-a065-473a-8a65-3010098a0633",NULL,"{""activityId"": null, ""dataQuality"": ""high"", ""activityTitle"": """", ""sourceExplanation"": ""Rio de Janeiro's 2020 Inventory CIRIS File"", ""emissionFactorType"": """"}","2024-10-23 19:15:16.149","2024-10-23 19:15:16.153","365646",100,"{""ch4_amount"": 1, ""co2_amount"": 365353, ""n2o_amount"": 1, ""direct-measure-wastewater-inside-source-type"": ""source-type-domestic-wastewater""}","40f5f865-a065-473a-8a65-3010098a0633",NULL,NULL,"365646","e0ba4eda-8fc4-33e6-beaf-6fc7c8f39e8b","9a73042e-bad8-4224-9f58-6e4abe25767b","2024-10-23 19:15:16.146","2024-10-23 19:15:16.151",NULL,100,"III.4.1","d5acb72e-d915-310f-b3a3-77f634bcbf5e","","","c465e7a2-1634-337f-819a-2dfbe147927e","direct-measure","1488503a-44c3-4f5d-804f-75d53f1beaba","40f5f865-a065-473a-8a65-3010098a0633","52952aab-0b9e-4b32-a705-764f033eb42e","CH4","1","c6838fd6-2fbd-4485-bb22-98e2d5d1ef88","52952aab-0b9e-4b32-a705-764f033eb42e","1",NULL,"","2024-10-23 19:15:16.154","2024-10-23 19:15:16.154","III.4.1","CH4",NULL,NULL,NULL,"9a73042e-bad8-4224-9f58-6e4abe25767b",NULL,NULL,NULL,NULL,NULL
"c6838fd6-2fbd-4485-bb22-98e2d5d1ef88",NULL,"40f5f865-a065-473a-8a65-3010098a0633",NULL,"{""activityId"": null, ""dataQuality"": ""high"", ""activityTitle"": """", ""sourceExplanation"": ""Rio de Janeiro's 2020 Inventory CIRIS File"", ""emissionFactorType"": """"}","2024-10-23 19:15:16.149","2024-10-23 19:15:16.153","365646",100,"{""ch4_amount"": 1, ""co2_amount"": 365353, ""n2o_amount"": 1, ""direct-measure-wastewater-inside-source-type"": ""source-type-domestic-wastewater""}","40f5f865-a065-473a-8a65-3010098a0633",NULL,NULL,"365646","e0ba4eda-8fc4-33e6-beaf-6fc7c8f39e8b","9a73042e-bad8-4224-9f58-6e4abe25767b","2024-10-23 19:15:16.146","2024-10-23 19:15:16.151",NULL,100,"III.4.1","d5acb72e-d915-310f-b3a3-77f634bcbf5e","","","c465e7a2-1634-337f-819a-2dfbe147927e","direct-measure","da02cf7a-ad22-43ca-b76a-1cd26f9cba3a","40f5f865-a065-473a-8a65-3010098a0633","adabd0b1-83d3-44f6-b170-1fc458826ea3","N2O","1","c6838fd6-2fbd-4485-bb22-98e2d5d1ef88","adabd0b1-83d3-44f6-b170-1fc458826ea3","1",NULL,"","2024-10-23 19:15:16.159","2024-10-23 19:15:16.159","III.4.1","N2O",NULL,NULL,NULL,"9a73042e-bad8-4224-9f58-6e4abe25767b",NULL,NULL,NULL,NULL,NULL
"c6838fd6-2fbd-4485-bb22-98e2d5d1ef88",NULL,"40f5f865-a065-473a-8a65-3010098a0633",NULL,"{""activityId"": null, ""dataQuality"": ""high"", ""activityTitle"": """", ""sourceExplanation"": ""Rio de Janeiro's 2020 Inventory CIRIS File"", ""emissionFactorType"": """"}","2024-10-23 19:15:16.149","2024-10-23 19:15:16.153","365646",100,"{""ch4_amount"": 1, ""co2_amount"": 365353, ""n2o_amount"": 1, ""direct-measure-wastewater-inside-source-type"": ""source-type-domestic-wastewater""}","40f5f865-a065-473a-8a65-3010098a0633",NULL,NULL,"365646","e0ba4eda-8fc4-33e6-beaf-6fc7c8f39e8b","9a73042e-bad8-4224-9f58-6e4abe25767b","2024-10-23 19:15:16.146","2024-10-23 19:15:16.151",NULL,100,"III.4.1","d5acb72e-d915-310f-b3a3-77f634bcbf5e","","","c465e7a2-1634-337f-819a-2dfbe147927e","direct-measure","0bbb4a5c-cb0f-4d99-8029-6084716e4de0","40f5f865-a065-473a-8a65-3010098a0633","2378f477-9000-4e50-88a5-4272e52c3b63","CO2","365353","c6838fd6-2fbd-4485-bb22-98e2d5d1ef88","2378f477-9000-4e50-88a5-4272e52c3b63","365353",NULL,"","2024-10-23 19:15:16.157","2024-10-23 19:15:16.157","III.4.1","CO2",NULL,NULL,NULL,"9a73042e-bad8-4224-9f58-6e4abe25767b",NULL,NULL,NULL,NULL,NULL
"cbb08268-7fd6-436b-9251-431f271dff2c",NULL,"5a606e15-8913-47b7-9f69-07dbd85fbf7f",NULL,"{""activityId"": null, ""dataQuality"": ""high"", ""activityTitle"": """", ""sourceExplanation"": ""Rio de Janeiro's 2020 Inventory CIRIS File"", ""emissionFactorType"": """"}","2024-10-23 19:09:16.315","2024-10-23 19:09:16.334","293336",100,"{""ch4_amount"": 1000, ""co2_amount"": 336, ""n2o_amount"": 1000, ""incineration-facility-id"": ""Usina Verde"", ""incineration-facility-address"": ""Rio""}","5a606e15-8913-47b7-9f69-07dbd85fbf7f",NULL,NULL,"293336","32680435-8d8b-3037-9c12-929776a7beaa","9a73042e-bad8-4224-9f58-6e4abe25767b","2024-10-23 19:04:34.976","2024-10-23 19:09:16.332",NULL,100,"III.3.1","d5acb72e-d915-310f-b3a3-77f634bcbf5e","","","0ed16605-c76a-3c07-892d-4383a7618943","direct-measure","5436a90f-938f-44b1-89ea-09c5ec81c4b9","5a606e15-8913-47b7-9f69-07dbd85fbf7f","ce64ac15-e531-4c9d-b910-99a46ceb239d","CH4","1000","cbb08268-7fd6-436b-9251-431f271dff2c","ce64ac15-e531-4c9d-b910-99a46ceb239d","1000",NULL,"","2024-10-23 19:09:16.335","2024-10-23 19:09:16.335","III.3.1","CH4",NULL,NULL,NULL,"9a73042e-bad8-4224-9f58-6e4abe25767b",NULL,NULL,NULL,NULL,NULL
"cbb08268-7fd6-436b-9251-431f271dff2c",NULL,"5a606e15-8913-47b7-9f69-07dbd85fbf7f",NULL,"{""activityId"": null, ""dataQuality"": ""high"", ""activityTitle"": """", ""sourceExplanation"": ""Rio de Janeiro's 2020 Inventory CIRIS File"", ""emissionFactorType"": """"}","2024-10-23 19:09:16.315","2024-10-23 19:09:16.334","293336",100,"{""ch4_amount"": 1000, ""co2_amount"": 336, ""n2o_amount"": 1000, ""incineration-facility-id"": ""Usina Verde"", ""incineration-facility-address"": ""Rio""}","5a606e15-8913-47b7-9f69-07dbd85fbf7f",NULL,NULL,"293336","32680435-8d8b-3037-9c12-929776a7beaa","9a73042e-bad8-4224-9f58-6e4abe25767b","2024-10-23 19:04:34.976","2024-10-23 19:09:16.332",NULL,100,"III.3.1","d5acb72e-d915-310f-b3a3-77f634bcbf5e","","","0ed16605-c76a-3c07-892d-4383a7618943","direct-measure","cf64081b-d623-45f3-8120-a7397a622c4a","5a606e15-8913-47b7-9f69-07dbd85fbf7f","b4a8fac3-29a3-4351-b246-1919686a055c","CO2","336","cbb08268-7fd6-436b-9251-431f271dff2c","b4a8fac3-29a3-4351-b246-1919686a055c","336",NULL,"","2024-10-23 19:09:16.339","2024-10-23 19:09:16.339","III.3.1","CO2",NULL,NULL,NULL,"9a73042e-bad8-4224-9f58-6e4abe25767b",NULL,NULL,NULL,NULL,NULL
"cbb08268-7fd6-436b-9251-431f271dff2c",NULL,"5a606e15-8913-47b7-9f69-07dbd85fbf7f",NULL,"{""activityId"": null, ""dataQuality"": ""high"", ""activityTitle"": """", ""sourceExplanation"": ""Rio de Janeiro's 2020 Inventory CIRIS File"", ""emissionFactorType"": """"}","2024-10-23 19:09:16.315","2024-10-23 19:09:16.334","293336",100,"{""ch4_amount"": 1000, ""co2_amount"": 336, ""n2o_amount"": 1000, ""incineration-facility-id"": ""Usina Verde"", ""incineration-facility-address"": ""Rio""}","5a606e15-8913-47b7-9f69-07dbd85fbf7f",NULL,NULL,"293336","32680435-8d8b-3037-9c12-929776a7beaa","9a73042e-bad8-4224-9f58-6e4abe25767b","2024-10-23 19:04:34.976","2024-10-23 19:09:16.332",NULL,100,"III.3.1","d5acb72e-d915-310f-b3a3-77f634bcbf5e","","","0ed16605-c76a-3c07-892d-4383a7618943","direct-measure","5b148bf5-a4d1-4f7e-bb8c-a4585e7cdb99","5a606e15-8913-47b7-9f69-07dbd85fbf7f","53f48ada-8ea8-4fd1-b9bc-bd2c1f3991c5","N2O","1000","cbb08268-7fd6-436b-9251-431f271dff2c","53f48ada-8ea8-4fd1-b9bc-bd2c1f3991c5","1000",NULL,"","2024-10-23 19:09:16.341","2024-10-23 19:09:16.341","III.3.1","N2O",NULL,NULL,NULL,"9a73042e-bad8-4224-9f58-6e4abe25767b",NULL,NULL,NULL,NULL,NULL
"d33e9a96-d725-4f2a-acd3-d54086f725d0",NULL,"51d7b33f-2bef-4f0c-aba5-9a9dbf913662",NULL,"{""activityId"": null, ""dataQuality"": ""high"", ""activityTitle"": """", ""sourceExplanation"": ""Rio de Janeiro's 2020 Inventory CIRIS File"", ""emissionFactorType"": """"}","2024-10-23 19:02:40.148","2024-10-23 19:02:40.153","836293",100,"{""ch4_amount"": 1, ""co2_amount"": 836000, ""n2o_amount"": 1, ""biological-treatment-outboundary-treatment-type"": ""treatment-type-composting"", ""direct-measure-biological-treatment-outboundary-source"": ""Rio de Janeiro's 2020 Inventory CIRIS File""}","51d7b33f-2bef-4f0c-aba5-9a9dbf913662",NULL,NULL,"836293","70d968e6-e9f7-37d8-94e1-8197e6f8332b","9a73042e-bad8-4224-9f58-6e4abe25767b","2024-10-23 19:02:40.144","2024-10-23 19:02:40.151",NULL,100,"III.2.3","d5acb72e-d915-310f-b3a3-77f634bcbf5e","","","a8baeb06-0ab2-3215-a93e-2fcbe0e8f8a9","direct-measure","38b6e741-6e60-4b01-b869-1faf5a1483df","51d7b33f-2bef-4f0c-aba5-9a9dbf913662","b07611f4-a160-4197-9cf1-a6e8d0083e30","CO2","836000","d33e9a96-d725-4f2a-acd3-d54086f725d0","b07611f4-a160-4197-9cf1-a6e8d0083e30","836000",NULL,"","2024-10-23 19:02:40.157","2024-10-23 19:02:40.157","III.2.3","CO2",NULL,NULL,NULL,"9a73042e-bad8-4224-9f58-6e4abe25767b",NULL,NULL,NULL,NULL,NULL
"d33e9a96-d725-4f2a-acd3-d54086f725d0",NULL,"51d7b33f-2bef-4f0c-aba5-9a9dbf913662",NULL,"{""activityId"": null, ""dataQuality"": ""high"", ""activityTitle"": """", ""sourceExplanation"": ""Rio de Janeiro's 2020 Inventory CIRIS File"", ""emissionFactorType"": """"}","2024-10-23 19:02:40.148","2024-10-23 19:02:40.153","836293",100,"{""ch4_amount"": 1, ""co2_amount"": 836000, ""n2o_amount"": 1, ""biological-treatment-outboundary-treatment-type"": ""treatment-type-composting"", ""direct-measure-biological-treatment-outboundary-source"": ""Rio de Janeiro's 2020 Inventory CIRIS File""}","51d7b33f-2bef-4f0c-aba5-9a9dbf913662",NULL,NULL,"836293","70d968e6-e9f7-37d8-94e1-8197e6f8332b","9a73042e-bad8-4224-9f58-6e4abe25767b","2024-10-23 19:02:40.144","2024-10-23 19:02:40.151",NULL,100,"III.2.3","d5acb72e-d915-310f-b3a3-77f634bcbf5e","","","a8baeb06-0ab2-3215-a93e-2fcbe0e8f8a9","direct-measure","56bb3a09-723f-450d-8809-9b8ea41f5a8f","51d7b33f-2bef-4f0c-aba5-9a9dbf913662","f9c26ca6-ed4c-465b-a662-a3020a646c7b","N2O","1","d33e9a96-d725-4f2a-acd3-d54086f725d0","f9c26ca6-ed4c-465b-a662-a3020a646c7b","1",NULL,"","2024-10-23 19:02:40.16","2024-10-23 19:02:40.16","III.2.3","N2O",NULL,NULL,NULL,"9a73042e-bad8-4224-9f58-6e4abe25767b",NULL,NULL,NULL,NULL,NULL
"d33e9a96-d725-4f2a-acd3-d54086f725d0",NULL,"51d7b33f-2bef-4f0c-aba5-9a9dbf913662",NULL,"{""activityId"": null, ""dataQuality"": ""high"", ""activityTitle"": """", ""sourceExplanation"": ""Rio de Janeiro's 2020 Inventory CIRIS File"", ""emissionFactorType"": """"}","2024-10-23 19:02:40.148","2024-10-23 19:02:40.153","836293",100,"{""ch4_amount"": 1, ""co2_amount"": 836000, ""n2o_amount"": 1, ""biological-treatment-outboundary-treatment-type"": ""treatment-type-composting"", ""direct-measure-biological-treatment-outboundary-source"": ""Rio de Janeiro's 2020 Inventory CIRIS File""}","51d7b33f-2bef-4f0c-aba5-9a9dbf913662",NULL,NULL,"836293","70d968e6-e9f7-37d8-94e1-8197e6f8332b","9a73042e-bad8-4224-9f58-6e4abe25767b","2024-10-23 19:02:40.144","2024-10-23 19:02:40.151",NULL,100,"III.2.3","d5acb72e-d915-310f-b3a3-77f634bcbf5e","","","a8baeb06-0ab2-3215-a93e-2fcbe0e8f8a9","direct-measure","2be0fefa-3d3b-43e8-bb7c-fde6960233ac","51d7b33f-2bef-4f0c-aba5-9a9dbf913662","ea2f9e34-af42-4e68-baac-9c99e7aa228b","CH4","1","d33e9a96-d725-4f2a-acd3-d54086f725d0","ea2f9e34-af42-4e68-baac-9c99e7aa228b","1",NULL,"","2024-10-23 19:02:40.154","2024-10-23 19:02:40.154","III.2.3","CH4",NULL,NULL,NULL,"9a73042e-bad8-4224-9f58-6e4abe25767b",NULL,NULL,NULL,NULL,NULL
"d97131ec-0f46-40c6-8554-d21460529b82",NULL,"29b70b6a-69eb-4871-9d1f-3123c89bf758",NULL,"{""activityId"": null, ""dataQuality"": ""high"", ""activityTitle"": """", ""sourceExplanation"": ""Rio de Janeiro's 2020 Inventory CIRIS File"", ""emissionFactorType"": """"}","2024-10-23 17:58:26.61","2024-10-23 17:58:26.63","398702",100,"{""ch4_amount"": 1, ""co2_amount"": 398409, ""n2o_amount"": 1, ""data-source"": ""Rio de Janeiro's 2020 Inventory CIRIS File"", ""residential-building-type"": ""residential-building-type-all"", ""residential-building-fuel-type"": ""fuel-type-liquefied-petroleum-gases""}","29b70b6a-69eb-4871-9d1f-3123c89bf758",NULL,NULL,"398702","58a9822a-fae0-3831-9f8b-4ec1fb48a54f","9a73042e-bad8-4224-9f58-6e4abe25767b","2024-10-23 15:54:50.361","2024-10-23 17:58:26.628",NULL,100,"I.1.1","5da765a9-1ca6-37e1-bcd6-7b387f909a4e","","","abe4c7b0-242d-3ed2-a146-48885d6fb38d","direct-measure","2f21c343-31bc-427a-922a-28a247ffc32c","29b70b6a-69eb-4871-9d1f-3123c89bf758","7c8c518f-3c73-48c7-bae6-04d0f5142c8c","N2O","1","d97131ec-0f46-40c6-8554-d21460529b82","7c8c518f-3c73-48c7-bae6-04d0f5142c8c","1",NULL,"","2024-10-23 17:58:26.638","2024-10-23 17:58:26.638","I.1.1","N2O",NULL,NULL,NULL,"9a73042e-bad8-4224-9f58-6e4abe25767b",NULL,NULL,NULL,NULL,NULL
"d97131ec-0f46-40c6-8554-d21460529b82",NULL,"29b70b6a-69eb-4871-9d1f-3123c89bf758",NULL,"{""activityId"": null, ""dataQuality"": ""high"", ""activityTitle"": """", ""sourceExplanation"": ""Rio de Janeiro's 2020 Inventory CIRIS File"", ""emissionFactorType"": """"}","2024-10-23 17:58:26.61","2024-10-23 17:58:26.63","398702",100,"{""ch4_amount"": 1, ""co2_amount"": 398409, ""n2o_amount"": 1, ""data-source"": ""Rio de Janeiro's 2020 Inventory CIRIS File"", ""residential-building-type"": ""residential-building-type-all"", ""residential-building-fuel-type"": ""fuel-type-liquefied-petroleum-gases""}","29b70b6a-69eb-4871-9d1f-3123c89bf758",NULL,NULL,"398702","58a9822a-fae0-3831-9f8b-4ec1fb48a54f","9a73042e-bad8-4224-9f58-6e4abe25767b","2024-10-23 15:54:50.361","2024-10-23 17:58:26.628",NULL,100,"I.1.1","5da765a9-1ca6-37e1-bcd6-7b387f909a4e","","","abe4c7b0-242d-3ed2-a146-48885d6fb38d","direct-measure","9f1820df-e44e-4e90-9ae5-86a2a71a210a","29b70b6a-69eb-4871-9d1f-3123c89bf758","03f65bf1-ccb1-421d-8dd6-295583484fcf","CH4","1","d97131ec-0f46-40c6-8554-d21460529b82","03f65bf1-ccb1-421d-8dd6-295583484fcf","1",NULL,"","2024-10-23 17:58:26.631","2024-10-23 17:58:26.631","I.1.1","CH4",NULL,NULL,NULL,"9a73042e-bad8-4224-9f58-6e4abe25767b",NULL,NULL,NULL,NULL,NULL
"d97131ec-0f46-40c6-8554-d21460529b82",NULL,"29b70b6a-69eb-4871-9d1f-3123c89bf758",NULL,"{""activityId"": null, ""dataQuality"": ""high"", ""activityTitle"": """", ""sourceExplanation"": ""Rio de Janeiro's 2020 Inventory CIRIS File"", ""emissionFactorType"": """"}","2024-10-23 17:58:26.61","2024-10-23 17:58:26.63","398702",100,"{""ch4_amount"": 1, ""co2_amount"": 398409, ""n2o_amount"": 1, ""data-source"": ""Rio de Janeiro's 2020 Inventory CIRIS File"", ""residential-building-type"": ""residential-building-type-all"", ""residential-building-fuel-type"": ""fuel-type-liquefied-petroleum-gases""}","29b70b6a-69eb-4871-9d1f-3123c89bf758",NULL,NULL,"398702","58a9822a-fae0-3831-9f8b-4ec1fb48a54f","9a73042e-bad8-4224-9f58-6e4abe25767b","2024-10-23 15:54:50.361","2024-10-23 17:58:26.628",NULL,100,"I.1.1","5da765a9-1ca6-37e1-bcd6-7b387f909a4e","","","abe4c7b0-242d-3ed2-a146-48885d6fb38d","direct-measure","9c53afca-e30e-479a-81aa-fceaf453bc31","29b70b6a-69eb-4871-9d1f-3123c89bf758","3b7a5158-4477-4182-8c11-f5c5c7a1d9ce","CO2","398409","d97131ec-0f46-40c6-8554-d21460529b82","3b7a5158-4477-4182-8c11-f5c5c7a1d9ce","398409",NULL,"","2024-10-23 17:58:26.635","2024-10-23 17:58:26.635","I.1.1","CO2",NULL,NULL,NULL,"9a73042e-bad8-4224-9f58-6e4abe25767b",NULL,NULL,NULL,NULL,NULL
"dbd08ea3-5a75-40da-8bc9-0e774ab20247",NULL,"b56264aa-d848-4ee5-8516-fb42b0bef4d0",NULL,"{""activityId"": null, ""dataQuality"": ""high"", ""activityTitle"": """", ""sourceExplanation"": ""Rio de Janeiro's 2020 Inventory CIRIS File"", ""emissionFactorType"": """"}","2024-10-23 18:00:33.595","2024-10-23 18:00:33.619","403119",100,"{""ch4_amount"": 1, ""co2_amount"": 402826, ""n2o_amount"": 1, ""data-source"": ""Rio de Janeiro's 2020 Inventory CIRIS File"", ""residential-building-type"": ""building-type-all"", ""residential-building-energy-usage"": ""energy-usage-electricity""}","b56264aa-d848-4ee5-8516-fb42b0bef4d0",NULL,NULL,"403119","6cf6f15d-536a-37dc-90c7-7d7ea75b5d01","9a73042e-bad8-4224-9f58-6e4abe25767b","2024-10-23 17:51:51.951","2024-10-23 18:00:33.617",NULL,100,"I.1.2","5da765a9-1ca6-37e1-bcd6-7b387f909a4e","","","abe4c7b0-242d-3ed2-a146-48885d6fb38d","direct-measure","94a1550d-cd97-4ed6-b726-330537567f11","b56264aa-d848-4ee5-8516-fb42b0bef4d0","45b4d61c-e468-45ad-8cf7-c11c0e8047bd","CO2","402826","dbd08ea3-5a75-40da-8bc9-0e774ab20247","45b4d61c-e468-45ad-8cf7-c11c0e8047bd","402826",NULL,"","2024-10-23 18:00:33.623","2024-10-23 18:00:33.623","I.1.2","CO2",NULL,NULL,NULL,"9a73042e-bad8-4224-9f58-6e4abe25767b",NULL,NULL,NULL,NULL,NULL
"dbd08ea3-5a75-40da-8bc9-0e774ab20247",NULL,"b56264aa-d848-4ee5-8516-fb42b0bef4d0",NULL,"{""activityId"": null, ""dataQuality"": ""high"", ""activityTitle"": """", ""sourceExplanation"": ""Rio de Janeiro's 2020 Inventory CIRIS File"", ""emissionFactorType"": """"}","2024-10-23 18:00:33.595","2024-10-23 18:00:33.619","403119",100,"{""ch4_amount"": 1, ""co2_amount"": 402826, ""n2o_amount"": 1, ""data-source"": ""Rio de Janeiro's 2020 Inventory CIRIS File"", ""residential-building-type"": ""building-type-all"", ""residential-building-energy-usage"": ""energy-usage-electricity""}","b56264aa-d848-4ee5-8516-fb42b0bef4d0",NULL,NULL,"403119","6cf6f15d-536a-37dc-90c7-7d7ea75b5d01","9a73042e-bad8-4224-9f58-6e4abe25767b","2024-10-23 17:51:51.951","2024-10-23 18:00:33.617",NULL,100,"I.1.2","5da765a9-1ca6-37e1-bcd6-7b387f909a4e","","","abe4c7b0-242d-3ed2-a146-48885d6fb38d","direct-measure","18d2d55c-e22a-4fc7-9b95-94ea245be604","b56264aa-d848-4ee5-8516-fb42b0bef4d0","e0f4c12c-5032-4bb1-aa2e-dc4ad8f399bd","CH4","1","dbd08ea3-5a75-40da-8bc9-0e774ab20247","e0f4c12c-5032-4bb1-aa2e-dc4ad8f399bd","1",NULL,"","2024-10-23 18:00:33.62","2024-10-23 18:00:33.62","I.1.2","CH4",NULL,NULL,NULL,"9a73042e-bad8-4224-9f58-6e4abe25767b",NULL,NULL,NULL,NULL,NULL
"dbd08ea3-5a75-40da-8bc9-0e774ab20247",NULL,"b56264aa-d848-4ee5-8516-fb42b0bef4d0",NULL,"{""activityId"": null, ""dataQuality"": ""high"", ""activityTitle"": """", ""sourceExplanation"": ""Rio de Janeiro's 2020 Inventory CIRIS File"", ""emissionFactorType"": """"}","2024-10-23 18:00:33.595","2024-10-23 18:00:33.619","403119",100,"{""ch4_amount"": 1, ""co2_amount"": 402826, ""n2o_amount"": 1, ""data-source"": ""Rio de Janeiro's 2020 Inventory CIRIS File"", ""residential-building-type"": ""building-type-all"", ""residential-building-energy-usage"": ""energy-usage-electricity""}","b56264aa-d848-4ee5-8516-fb42b0bef4d0",NULL,NULL,"403119","6cf6f15d-536a-37dc-90c7-7d7ea75b5d01","9a73042e-bad8-4224-9f58-6e4abe25767b","2024-10-23 17:51:51.951","2024-10-23 18:00:33.617",NULL,100,"I.1.2","5da765a9-1ca6-37e1-bcd6-7b387f909a4e","","","abe4c7b0-242d-3ed2-a146-48885d6fb38d","direct-measure","35ba7ac2-3858-4144-a451-aca3b0f991a2","b56264aa-d848-4ee5-8516-fb42b0bef4d0","ab5177d0-d2e0-4925-a96c-d15745d7b849","N2O","1","dbd08ea3-5a75-40da-8bc9-0e774ab20247","ab5177d0-d2e0-4925-a96c-d15745d7b849","1",NULL,"","2024-10-23 18:00:33.625","2024-10-23 18:00:33.625","I.1.2","N2O",NULL,NULL,NULL,"9a73042e-bad8-4224-9f58-6e4abe25767b",NULL,NULL,NULL,NULL,NULL
"f60e0b8d-af4e-4b6b-84ea-945dd3d66f89",NULL,"719fcf92-d736-4998-9fe0-df0b79a9878d",NULL,"{""activityId"": null, ""dataQuality"": ""high"", ""activityTitle"": """", ""sourceExplanation"": ""Rio de Janeiro's 2020 Inventory CIRIS File"", ""emissionFactorType"": """"}","2024-10-23 18:28:21.077","2024-10-23 18:28:21.098","284293",100,"{""ch4_amount"": 1, ""co2_amount"": 284000, ""n2o_amount"": 1, ""data-source"": ""Rio de Janeiro's 2020 Inventory CIRIS File"", ""non-specific-sources-type"": ""type-stationary"", ""non-specific-sources-fuel-type"": ""fuel-type-all""}","719fcf92-d736-4998-9fe0-df0b79a9878d",NULL,NULL,"284293","758d20ca-7085-3bd5-ac65-96299b28358e","9a73042e-bad8-4224-9f58-6e4abe25767b","2024-10-23 18:28:21.073","2024-10-23 18:28:21.096",NULL,100,"I.6.1","5da765a9-1ca6-37e1-bcd6-7b387f909a4e","","","cfc4d8de-2b90-376c-b9d7-446aaf2d8eeb","direct-measure","048e389f-03cb-464e-8949-1f151d84a67c","719fcf92-d736-4998-9fe0-df0b79a9878d","746b99aa-acbc-42d8-97ac-82689f42a2a3","N2O","1","f60e0b8d-af4e-4b6b-84ea-945dd3d66f89","746b99aa-acbc-42d8-97ac-82689f42a2a3","1",NULL,"","2024-10-23 18:28:21.112","2024-10-23 18:28:21.112","I.6.1","N2O",NULL,NULL,NULL,"9a73042e-bad8-4224-9f58-6e4abe25767b",NULL,NULL,NULL,NULL,NULL
"f60e0b8d-af4e-4b6b-84ea-945dd3d66f89",NULL,"719fcf92-d736-4998-9fe0-df0b79a9878d",NULL,"{""activityId"": null, ""dataQuality"": ""high"", ""activityTitle"": """", ""sourceExplanation"": ""Rio de Janeiro's 2020 Inventory CIRIS File"", ""emissionFactorType"": """"}","2024-10-23 18:28:21.077","2024-10-23 18:28:21.098","284293",100,"{""ch4_amount"": 1, ""co2_amount"": 284000, ""n2o_amount"": 1, ""data-source"": ""Rio de Janeiro's 2020 Inventory CIRIS File"", ""non-specific-sources-type"": ""type-stationary"", ""non-specific-sources-fuel-type"": ""fuel-type-all""}","719fcf92-d736-4998-9fe0-df0b79a9878d",NULL,NULL,"284293","758d20ca-7085-3bd5-ac65-96299b28358e","9a73042e-bad8-4224-9f58-6e4abe25767b","2024-10-23 18:28:21.073","2024-10-23 18:28:21.096",NULL,100,"I.6.1","5da765a9-1ca6-37e1-bcd6-7b387f909a4e","","","cfc4d8de-2b90-376c-b9d7-446aaf2d8eeb","direct-measure","60fd312a-62fb-4bec-b859-236a6f8c6d62","719fcf92-d736-4998-9fe0-df0b79a9878d","2ec20aee-6aba-4042-8639-720f780a9d01","CH4","1","f60e0b8d-af4e-4b6b-84ea-945dd3d66f89","2ec20aee-6aba-4042-8639-720f780a9d01","1",NULL,"","2024-10-23 18:28:21.103","2024-10-23 18:28:21.103","I.6.1","CH4",NULL,NULL,NULL,"9a73042e-bad8-4224-9f58-6e4abe25767b",NULL,NULL,NULL,NULL,NULL
"f60e0b8d-af4e-4b6b-84ea-945dd3d66f89",NULL,"719fcf92-d736-4998-9fe0-df0b79a9878d",NULL,"{""activityId"": null, ""dataQuality"": ""high"", ""activityTitle"": """", ""sourceExplanation"": ""Rio de Janeiro's 2020 Inventory CIRIS File"", ""emissionFactorType"": """"}","2024-10-23 18:28:21.077","2024-10-23 18:28:21.098","284293",100,"{""ch4_amount"": 1, ""co2_amount"": 284000, ""n2o_amount"": 1, ""data-source"": ""Rio de Janeiro's 2020 Inventory CIRIS File"", ""non-specific-sources-type"": ""type-stationary"", ""non-specific-sources-fuel-type"": ""fuel-type-all""}","719fcf92-d736-4998-9fe0-df0b79a9878d",NULL,NULL,"284293","758d20ca-7085-3bd5-ac65-96299b28358e","9a73042e-bad8-4224-9f58-6e4abe25767b","2024-10-23 18:28:21.073","2024-10-23 18:28:21.096",NULL,100,"I.6.1","5da765a9-1ca6-37e1-bcd6-7b387f909a4e","","","cfc4d8de-2b90-376c-b9d7-446aaf2d8eeb","direct-measure","48a8093c-065e-4650-aabb-1f2ed132121e","719fcf92-d736-4998-9fe0-df0b79a9878d","7a93807c-e309-438d-930b-8ed2194ac91a","CO2","284000","f60e0b8d-af4e-4b6b-84ea-945dd3d66f89","7a93807c-e309-438d-930b-8ed2194ac91a","284000",NULL,"","2024-10-23 18:28:21.107","2024-10-23 18:28:21.107","I.6.1","CO2",NULL,NULL,NULL,"9a73042e-bad8-4224-9f58-6e4abe25767b",NULL,NULL,NULL,NULL,NULL
