Datetime (UTC),Country,Zone name,Zone id,Carbon intensity gCO₂eq/kWh (direct),Carbon intensity gCO₂eq/kWh (Life cycle),Carbon-free energy percentage (CFE%),Renewable energy percentage (RE%),Data source,Data estimated,Data estimation method
2021-01-01 00:00:00,United Arab Emirates,United Arab Emirates,AE,337.68,446.69,10.95,4.19,IEA + Electricity Maps Estimation,TRUE,ESTIMATED_GENERAL_PURPOSE_ZONE_MODEL
2022-01-01 00:00:00,United Arab Emirates,United Arab Emirates,AE,302.55,404.80,18.49,5.06,IEA + Electricity Maps Estimation; Electricity Maps Estimation,TRUE,ESTIMATED_GENERAL_PURPOSE_ZONE_MODEL
2023-01-01 00:00:00,United Arab Emirates,United Arab Emirates,AE,291.65,390.87,21.39,5.35,IEA + Electricity Maps Estimation,TRUE,ESTIMATED_GENERAL_PURPOSE_ZONE_MODEL
2024-01-01 00:00:00,United Arab Emirates,United Arab Emirates,AE,285.44,382.92,23.05,5.51,IEA + Electricity Maps Estimation,TRUE,ESTIMATED_GENERAL_PURPOSE_ZONE_MODEL
2021-01-01 00:00:00,Afghanistan,Afghanistan,AF,75.75,111.89,87.74,87.74,EMBER + Electricity Maps Estimation,TRUE,ESTIMATED_GENERAL_PURPOSE_ZONE_MODEL
2022-01-01 00:00:00,Afghanistan,Afghanistan,AF,83.95,121.65,86.43,86.43,EMBER + Electricity Maps Estimation; Electricity Maps Estimation,TRUE,ESTIMATED_GENERAL_PURPOSE_ZONE_MODEL
2023-01-01 00:00:00,Afghanistan,Afghanistan,AF,82.77,120.24,86.60,86.60,EMBER + Electricity Maps Estimation,TRUE,ESTIMATED_GENERAL_PURPOSE_ZONE_MODEL
2024-01-01 00:00:00,Afghanistan,Afghanistan,AF,83.60,121.41,86.42,86.42,EMBER + Electricity Maps Estimation,TRUE,ESTIMATED_GENERAL_PURPOSE_ZONE_MODEL
2021-01-01 00:00:00,Antigua and Barbuda,Antigua and Barbuda,AG,542.14,662.57,5.71,5.71,EMBER + Electricity Maps Estimation,TRUE,ESTIMATED_GENERAL_PURPOSE_ZONE_MODEL
2022-01-01 00:00:00,Antigua and Barbuda,Antigua and Barbuda,AG,543.26,663.84,5.52,5.52,Electricity Maps Estimation; EMBER + Electricity Maps Estimation,TRUE,ESTIMATED_GENERAL_PURPOSE_ZONE_MODEL
2023-01-01 00:00:00,Antigua and Barbuda,Antigua and Barbuda,AG,543.03,663.58,5.56,5.56,EMBER + Electricity Maps Estimation,TRUE,ESTIMATED_GENERAL_PURPOSE_ZONE_MODEL
2024-01-01 00:00:00,Antigua and Barbuda,Antigua and Barbuda,AG,542.56,663.05,5.64,5.64,EMBER + Electricity Maps Estimation,TRUE,ESTIMATED_GENERAL_PURPOSE_ZONE_MODEL
2021-01-01 00:00:00,Albania,Albania,AL,100.44,121.54,85.33,84.96,IEA + Electricity Maps Estimation,TRUE,ESTIMATED_GENERAL_PURPOSE_ZONE_MODEL
2022-01-01 00:00:00,Albania,Albania,AL,135.64,159.99,81.16,80.70,Electricity Maps Estimation; IEA + Electricity Maps Estimation,TRUE,ESTIMATED_GENERAL_PURPOSE_ZONE_MODEL
2023-01-01 00:00:00,Albania,Albania,AL,86.90,106.68,87.85,87.54,IEA + Electricity Maps Estimation,TRUE,ESTIMATED_GENERAL_PURPOSE_ZONE_MODEL
2024-01-01 00:00:00,Albania,Albania,AL,81.98,103.19,87.63,87.19,IEA + Electricity Maps Estimation,TRUE,ESTIMATED_GENERAL_PURPOSE_ZONE_MODEL
2021-01-01 00:00:00,Armenia,Armenia,AM,159.47,221.73,56.98,31.70,EMBER + Electricity Maps Estimation,TRUE,ESTIMATED_GENERAL_PURPOSE_ZONE_MODEL
2022-01-01 00:00:00,Armenia,Armenia,AM,159.34,221.44,56.94,25.26,EMBER + Electricity Maps Estimation; Electricity Maps Estimation,TRUE,ESTIMATED_GENERAL_PURPOSE_ZONE_MODEL
2023-01-01 00:00:00,Armenia,Armenia,AM,161.22,224.14,56.44,24.81,EMBER + Electricity Maps Estimation,TRUE,ESTIMATED_GENERAL_PURPOSE_ZONE_MODEL
2024-01-01 00:00:00,Armenia,Armenia,AM,151.89,212.56,58.96,27.27,EMBER + Electricity Maps Estimation,TRUE,ESTIMATED_GENERAL_PURPOSE_ZONE_MODEL
2021-01-01 00:00:00,Angola,Angola,AO,106.37,176.64,72.83,72.83,IEA + Electricity Maps Estimation,TRUE,ESTIMATED_GENERAL_PURPOSE_ZONE_MODEL
2022-01-01 00:00:00,Angola,Angola,AO,103.29,173.32,73.67,73.67,IEA + Electricity Maps Estimation; Electricity Maps Estimation,TRUE,ESTIMATED_GENERAL_PURPOSE_ZONE_MODEL
2023-01-01 00:00:00,Angola,Angola,AO,106.55,177.20,72.76,72.76,IEA + Electricity Maps Estimation,TRUE,ESTIMATED_GENERAL_PURPOSE_ZONE_MODEL
2024-01-01 00:00:00,Angola,Angola,AO,106.55,177.15,72.75,72.75,IEA + Electricity Maps Estimation,TRUE,ESTIMATED_GENERAL_PURPOSE_ZONE_MODEL
2021-01-01 00:00:00,Argentina,Argentina,AR,260.33,348.21,34.46,27.39,portalweb.cammesa.com; Electricity Maps Estimation,TRUE,ESTIMATED_TIME_SLICER_AVERAGE
2022-01-01 00:00:00,Argentina,Argentina,AR,324.83,408.47,41.64,36.60,Electricity Maps Estimation; cammesaweb.cammesa.com,FALSE,
2023-01-01 00:00:00,Argentina,Argentina,AR,292.76,368.19,49.08,42.68,cammesaweb.cammesa.com; Electricity Maps Estimation,FALSE,
2024-01-01 00:00:00,Argentina,Argentina,AR,302.79,380.04,47.34,39.87,Electricity Maps Estimation; cammesaweb.cammesa.com,FALSE,
2021-01-01 00:00:00,Austria,Austria,AT,187.45,225.70,75.17,68.52,entsoe.eu,FALSE,
2022-01-01 00:00:00,Austria,Austria,AT,211.29,249.63,72.18,65.32,Electricity Maps Estimation; entsoe.eu,FALSE,
2023-01-01 00:00:00,Austria,Austria,AT,132.44,160.14,82.36,77.04,Electricity Maps Estimation; entsoe.eu,FALSE,
2024-01-01 00:00:00,Austria,Austria,AT,100.12,124.40,86.19,82.30,entsoe.eu,FALSE,
2021-01-01 00:00:00,Australia,Australia,AU,514.42,570.05,27.83,27.83,,FALSE,
2022-01-01 00:00:00,Australia,Australia,AU,470.03,525.15,33.16,33.16,,FALSE,
2023-01-01 00:00:00,Australia,Australia,AU,440.18,493.34,38.12,38.12,,FALSE,
2024-01-01 00:00:00,Australia,Australia,AU,435.48,488.85,38.76,38.76,,FALSE,
2021-01-01 00:00:00,Aruba,Aruba,AW,338.48,544.05,16.67,16.67,webaruba.com; Electricity Maps Estimation,FALSE,
2022-01-01 00:00:00,Aruba,Aruba,AW,323.33,520.16,20.41,20.41,Electricity Maps Estimation; webaruba.com,FALSE,
2023-01-01 00:00:00,Aruba,Aruba,AW,341.33,548.14,16.00,16.00,webaruba.com; Electricity Maps Estimation,FALSE,
2024-01-01 00:00:00,Aruba,Aruba,AW,357.40,573.38,12.04,12.04,webaruba.com; Electricity Maps Estimation,FALSE,
2021-01-01 00:00:00,Åland Islands,Åland Islands,AX,12.96,38.57,97.93,64.45,kraftnat.aland.fi; Electricity Maps Estimation,TRUE,ESTIMATED_FORECASTS_HIERARCHY
2022-01-01 00:00:00,Åland Islands,Åland Islands,AX,7.24,26.37,98.97,74.69,kraftnat.ax; kraftnat.aland.fi; Electricity Maps Estimation,FALSE,
2023-01-01 00:00:00,Åland Islands,Åland Islands,AX,4.40,21.87,99.38,79.01,kraftnat.ax,FALSE,
2024-01-01 00:00:00,Åland Islands,Åland Islands,AX,2.96,18.87,99.58,81.31,Electricity Maps Estimation; kraftnat.ax,FALSE,
2021-01-01 00:00:00,Azerbaijan,Azerbaijan,AZ,355.29,469.86,5.38,5.29,EMBER + Electricity Maps Estimation,TRUE,ESTIMATED_GENERAL_PURPOSE_ZONE_MODEL
2022-01-01 00:00:00,Azerbaijan,Azerbaijan,AZ,347.34,461.00,6.44,6.39,Electricity Maps Estimation; EMBER + Electricity Maps Estimation,TRUE,ESTIMATED_GENERAL_PURPOSE_ZONE_MODEL
2023-01-01 00:00:00,Azerbaijan,Azerbaijan,AZ,344.12,456.80,7.34,7.27,EMBER + Electricity Maps Estimation,TRUE,ESTIMATED_GENERAL_PURPOSE_ZONE_MODEL
2024-01-01 00:00:00,Azerbaijan,Azerbaijan,AZ,329.08,437.51,11.53,11.39,EMBER + Electricity Maps Estimation,TRUE,ESTIMATED_GENERAL_PURPOSE_ZONE_MODEL
2021-01-01 00:00:00,Bosnia and Herzegovina,Bosnia and Herzegovina,BA,479.07,521.32,37.83,37.01,Electricity Maps Estimation; entsoe.eu,FALSE,
2022-01-01 00:00:00,Bosnia and Herzegovina,Bosnia and Herzegovina,BA,513.56,558.77,32.92,32.07,Electricity Maps Estimation; entsoe.eu,FALSE,
2023-01-01 00:00:00,Bosnia and Herzegovina,Bosnia and Herzegovina,BA,440.41,483.40,43.17,42.20,entsoe.eu; Electricity Maps Estimation,FALSE,
2024-01-01 00:00:00,Bosnia and Herzegovina,Bosnia and Herzegovina,BA,442.69,482.99,42.14,39.72,Electricity Maps Estimation; entsoe.eu,FALSE,
2021-01-01 00:00:00,Barbados,Barbados,BB,527.74,646.60,7.55,7.55,EMBER + Electricity Maps Estimation,TRUE,ESTIMATED_GENERAL_PURPOSE_ZONE_MODEL
2022-01-01 00:00:00,Barbados,Barbados,BB,527.93,646.91,7.39,7.39,Electricity Maps Estimation; EMBER + Electricity Maps Estimation,TRUE,ESTIMATED_GENERAL_PURPOSE_ZONE_MODEL
2023-01-01 00:00:00,Barbados,Barbados,BB,522.37,640.69,8.18,8.18,EMBER + Electricity Maps Estimation,TRUE,ESTIMATED_GENERAL_PURPOSE_ZONE_MODEL
2024-01-01 00:00:00,Barbados,Barbados,BB,520.05,638.06,8.56,8.56,EMBER + Electricity Maps Estimation,TRUE,ESTIMATED_GENERAL_PURPOSE_ZONE_MODEL
2021-01-01 00:00:00,Bangladesh,Bangladesh,BD,414.01,557.64,1.49,1.49,Electricity Maps Estimation; erp.pgcb.gov.bd,FALSE,
2022-01-01 00:00:00,Bangladesh,Bangladesh,BD,427.72,578.05,1.74,1.74,Electricity Maps Estimation; erp.pgcb.gov.bd,FALSE,
2023-01-01 00:00:00,Bangladesh,Bangladesh,BD,480.91,602.09,2.64,2.61,Electricity Maps Estimation; erp.pgcb.gov.bd,FALSE,
2024-01-01 00:00:00,Bangladesh,Bangladesh,BD,512.41,620.86,3.33,3.26,Electricity Maps Estimation; erp.pgcb.gov.bd,FALSE,
2021-01-01 00:00:00,Belgium,Belgium,BE,128.65,177.23,72.34,23.21,entsoe.eu,FALSE,
2022-01-01 00:00:00,Belgium,Belgium,BE,142.82,196.42,69.21,27.21,Electricity Maps Estimation; entsoe.eu,FALSE,
2023-01-01 00:00:00,Belgium,Belgium,BE,128.76,177.62,72.52,33.79,entsoe.eu; Electricity Maps Estimation,FALSE,
2024-01-01 00:00:00,Belgium,Belgium,BE,109.97,153.19,76.89,35.29,entsoe.eu; Electricity Maps Estimation,FALSE,
2021-01-01 00:00:00,Burkina Faso,Burkina Faso,BF,339.71,559.36,16.33,16.33,IEA + Electricity Maps Estimation,TRUE,ESTIMATED_GENERAL_PURPOSE_ZONE_MODEL
2022-01-01 00:00:00,Burkina Faso,Burkina Faso,BF,352.54,578.75,13.17,13.17,Electricity Maps Estimation; IEA + Electricity Maps Estimation,TRUE,ESTIMATED_GENERAL_PURPOSE_ZONE_MODEL
2023-01-01 00:00:00,Burkina Faso,Burkina Faso,BF,350.20,575.77,13.74,13.74,IEA + Electricity Maps Estimation,TRUE,ESTIMATED_GENERAL_PURPOSE_ZONE_MODEL
2024-01-01 00:00:00,Burkina Faso,Burkina Faso,BF,350.66,576.59,13.63,13.63,IEA + Electricity Maps Estimation,TRUE,ESTIMATED_GENERAL_PURPOSE_ZONE_MODEL
2021-01-01 00:00:00,Bulgaria,Bulgaria,BG,448.43,468.87,52.24,18.05,eso.bg; Electricity Maps Estimation,FALSE,
2022-01-01 00:00:00,Bulgaria,Bulgaria,BG,519.21,538.05,47.22,14.83,eso.bg; Electricity Maps Estimation,FALSE,
2024-01-01 00:00:00,Bulgaria,Bulgaria,BG,314.19,350.13,64.62,27.13,Electricity Maps Estimation; eso.bg,FALSE,
2021-01-01 00:00:00,Bahrain,Bahrain,BH,369.38,489.26,0.17,0.17,IRENA + Electricity Maps Estimation,TRUE,ESTIMATED_GENERAL_PURPOSE_ZONE_MODEL
2022-01-01 00:00:00,Bahrain,Bahrain,BH,368.63,488.35,0.37,0.37,Electricity Maps Estimation; IRENA + Electricity Maps Estimation,TRUE,ESTIMATED_GENERAL_PURPOSE_ZONE_MODEL
2023-01-01 00:00:00,Bahrain,Bahrain,BH,368.39,488.06,0.44,0.44,IRENA + Electricity Maps Estimation,TRUE,ESTIMATED_GENERAL_PURPOSE_ZONE_MODEL
2024-01-01 00:00:00,Bahrain,Bahrain,BH,368.23,487.88,0.48,0.48,IRENA + Electricity Maps Estimation,TRUE,ESTIMATED_GENERAL_PURPOSE_ZONE_MODEL
2021-01-01 00:00:00,Burundi,Burundi,BI,176.92,237.28,69.23,69.23,EMBER + Electricity Maps Estimation,TRUE,ESTIMATED_GENERAL_PURPOSE_ZONE_MODEL
2022-01-01 00:00:00,Burundi,Burundi,BI,171.15,229.10,70.24,70.24,EMBER + Electricity Maps Estimation; Electricity Maps Estimation,TRUE,ESTIMATED_GENERAL_PURPOSE_ZONE_MODEL
2023-01-01 00:00:00,Burundi,Burundi,BI,176.97,237.33,69.22,69.22,EMBER + Electricity Maps Estimation,TRUE,ESTIMATED_GENERAL_PURPOSE_ZONE_MODEL
2024-01-01 00:00:00,Burundi,Burundi,BI,178.40,238.99,68.97,68.97,EMBER + Electricity Maps Estimation,TRUE,ESTIMATED_GENERAL_PURPOSE_ZONE_MODEL
2021-01-01 00:00:00,Benin,Benin,BJ,371.74,514.80,1.42,1.42,IEA + Electricity Maps Estimation,TRUE,ESTIMATED_GENERAL_PURPOSE_ZONE_MODEL
2022-01-01 00:00:00,Benin,Benin,BJ,366.55,511.62,3.08,3.08,Electricity Maps Estimation; IEA + Electricity Maps Estimation,TRUE,ESTIMATED_GENERAL_PURPOSE_ZONE_MODEL
2023-01-01 00:00:00,Benin,Benin,BJ,363.66,509.85,4.00,4.00,IEA + Electricity Maps Estimation,TRUE,ESTIMATED_GENERAL_PURPOSE_ZONE_MODEL
2024-01-01 00:00:00,Benin,Benin,BJ,362.39,508.29,4.35,4.35,IEA + Electricity Maps Estimation,TRUE,ESTIMATED_GENERAL_PURPOSE_ZONE_MODEL
2021-01-01 00:00:00,Brunei,Brunei,BN,454.91,562.57,0.07,0.07,IEA + Electricity Maps Estimation,TRUE,ESTIMATED_GENERAL_PURPOSE_ZONE_MODEL
2022-01-01 00:00:00,Brunei,Brunei,BN,455.91,563.70,0.08,0.08,Electricity Maps Estimation; IEA + Electricity Maps Estimation,TRUE,ESTIMATED_GENERAL_PURPOSE_ZONE_MODEL
2023-01-01 00:00:00,Brunei,Brunei,BN,457.42,564.90,0.10,0.10,IEA + Electricity Maps Estimation,TRUE,ESTIMATED_GENERAL_PURPOSE_ZONE_MODEL
2024-01-01 00:00:00,Brunei,Brunei,BN,459.12,566.34,0.11,0.11,IEA + Electricity Maps Estimation,TRUE,ESTIMATED_GENERAL_PURPOSE_ZONE_MODEL
2021-01-01 00:00:00,Bolivia,Bolivia,BO,361.05,312.95,37.21,37.21,cndc.bo; Electricity Maps Estimation,FALSE,
2022-01-01 00:00:00,Bolivia,Bolivia,BO,362.56,320.29,36.95,36.95,cndc.bo; Electricity Maps Estimation,FALSE,
2023-01-01 00:00:00,Bolivia,Bolivia,BO,399.36,349.40,30.55,30.55,cndc.bo; Electricity Maps Estimation,FALSE,
2024-01-01 00:00:00,Bolivia,Bolivia,BO,379.61,333.33,33.98,33.98,cndc.bo; Electricity Maps Estimation,FALSE,
2021-01-01 00:00:00,Brazil,Brazil,BR,124.66,169.07,78.19,75.69,,FALSE,
2022-01-01 00:00:00,Brazil,Brazil,BR,59.03,91.77,89.73,87.32,,FALSE,
2023-01-01 00:00:00,Brazil,Brazil,BR,50.42,82.48,91.23,89.00,,FALSE,
2024-01-01 00:00:00,Brazil,Brazil,BR,57.45,91.48,90.01,87.73,,FALSE,
2021-01-01 00:00:00,Bahamas,Bahamas,BS,572.18,696.79,0.49,0.49,EMBER + Electricity Maps Estimation,TRUE,ESTIMATED_GENERAL_PURPOSE_ZONE_MODEL
2022-01-01 00:00:00,Bahamas,Bahamas,BS,572.31,696.94,0.47,0.47,EMBER + Electricity Maps Estimation; Electricity Maps Estimation,TRUE,ESTIMATED_GENERAL_PURPOSE_ZONE_MODEL
2023-01-01 00:00:00,Bahamas,Bahamas,BS,568.13,692.18,1.19,1.19,EMBER + Electricity Maps Estimation,TRUE,ESTIMATED_GENERAL_PURPOSE_ZONE_MODEL
2024-01-01 00:00:00,Bahamas,Bahamas,BS,567.52,691.48,1.30,1.30,EMBER + Electricity Maps Estimation,TRUE,ESTIMATED_GENERAL_PURPOSE_ZONE_MODEL
2021-01-01 00:00:00,Bhutan,Bhutan,BT,0.75,24.78,99.90,99.90,EMBER + Electricity Maps Estimation,TRUE,ESTIMATED_GENERAL_PURPOSE_ZONE_MODEL
2022-01-01 00:00:00,Bhutan,Bhutan,BT,7.30,31.62,99.04,99.02,EMBER + Electricity Maps Estimation; Electricity Maps Estimation,TRUE,ESTIMATED_GENERAL_PURPOSE_ZONE_MODEL
2023-01-01 00:00:00,Bhutan,Bhutan,BT,39.60,65.51,94.78,94.72,EMBER + Electricity Maps Estimation,TRUE,ESTIMATED_GENERAL_PURPOSE_ZONE_MODEL
2024-01-01 00:00:00,Bhutan,Bhutan,BT,86.41,114.59,88.60,88.50,EMBER + Electricity Maps Estimation,TRUE,ESTIMATED_GENERAL_PURPOSE_ZONE_MODEL
2021-01-01 00:00:00,Botswana,Botswana,BW,744.29,811.44,0.25,0.25,IEA + Electricity Maps Estimation,TRUE,ESTIMATED_GENERAL_PURPOSE_ZONE_MODEL
2022-01-01 00:00:00,Botswana,Botswana,BW,745.96,812.28,0.24,0.24,Electricity Maps Estimation; IEA + Electricity Maps Estimation,TRUE,ESTIMATED_GENERAL_PURPOSE_ZONE_MODEL
2023-01-01 00:00:00,Botswana,Botswana,BW,744.39,811.52,0.24,0.24,IEA + Electricity Maps Estimation,TRUE,ESTIMATED_GENERAL_PURPOSE_ZONE_MODEL
2024-01-01 00:00:00,Botswana,Botswana,BW,743.80,811.22,0.24,0.24,IEA + Electricity Maps Estimation,TRUE,ESTIMATED_GENERAL_PURPOSE_ZONE_MODEL
2021-01-01 00:00:00,Belarus,Belarus,BY,336.74,436.24,17.08,2.58,EMBER + Electricity Maps Estimation,TRUE,ESTIMATED_GENERAL_PURPOSE_ZONE_MODEL
2022-01-01 00:00:00,Belarus,Belarus,BY,342.22,446.68,14.90,2.90,EMBER + Electricity Maps Estimation; Electricity Maps Estimation,TRUE,ESTIMATED_GENERAL_PURPOSE_ZONE_MODEL
2023-01-01 00:00:00,Belarus,Belarus,BY,274.20,361.65,31.60,3.15,EMBER + Electricity Maps Estimation,TRUE,ESTIMATED_GENERAL_PURPOSE_ZONE_MODEL
2024-01-01 00:00:00,Belarus,Belarus,BY,234.24,310.85,41.97,3.91,EMBER + Electricity Maps Estimation,TRUE,ESTIMATED_GENERAL_PURPOSE_ZONE_MODEL
2021-01-01 00:00:00,Belize,Belize,BZ,79.86,198.58,86.11,86.11,EMBER + Electricity Maps Estimation,TRUE,ESTIMATED_GENERAL_PURPOSE_ZONE_MODEL
2022-01-01 00:00:00,Belize,Belize,BZ,87.62,216.13,84.76,84.76,EMBER + Electricity Maps Estimation; Electricity Maps Estimation,TRUE,ESTIMATED_GENERAL_PURPOSE_ZONE_MODEL
2023-01-01 00:00:00,Belize,Belize,BZ,63.90,168.24,88.89,88.89,EMBER + Electricity Maps Estimation,TRUE,ESTIMATED_GENERAL_PURPOSE_ZONE_MODEL
2024-01-01 00:00:00,Belize,Belize,BZ,61.99,165.61,89.22,89.22,EMBER + Electricity Maps Estimation,TRUE,ESTIMATED_GENERAL_PURPOSE_ZONE_MODEL
2021-01-01 00:00:00,Canada,Canada,CA,100.07,140.64,79.63,66.11,,FALSE,
2022-01-01 00:00:00,Canada,Canada,CA,87.87,129.44,80.71,68.19,,FALSE,
2023-01-01 00:00:00,Canada,Canada,CA,88.90,131.62,80.10,67.35,,FALSE,
2024-01-01 00:00:00,Canada,Canada,CA,87.75,131.98,79.24,66.33,,FALSE,
2021-01-01 00:00:00,Democratic Republic of the Congo,Democratic Republic of the Congo,CD,0.06,24.56,99.99,99.99,IEA + Electricity Maps Estimation,TRUE,ESTIMATED_GENERAL_PURPOSE_ZONE_MODEL
2022-01-01 00:00:00,Democratic Republic of the Congo,Democratic Republic of the Congo,CD,0.10,24.59,99.97,99.97,Electricity Maps Estimation; IEA + Electricity Maps Estimation,TRUE,ESTIMATED_GENERAL_PURPOSE_ZONE_MODEL
2021-01-01 00:00:00,Central African Republic,Central African Republic,CF,0.00,24.00,100.00,100.00,EMBER + Electricity Maps Estimation,TRUE,ESTIMATED_GENERAL_PURPOSE_ZONE_MODEL
2024-01-01 00:00:00,Central African Republic,Central African Republic,CF,0.00,24.00,100.00,100.00,EMBER + Electricity Maps Estimation,TRUE,ESTIMATED_GENERAL_PURPOSE_ZONE_MODEL
2021-01-01 00:00:00,Congo,Congo,CG,282.43,387.32,24.31,24.31,IEA + Electricity Maps Estimation,TRUE,ESTIMATED_GENERAL_PURPOSE_ZONE_MODEL
2022-01-01 00:00:00,Congo,Congo,CG,290.71,396.90,22.00,22.00,IEA + Electricity Maps Estimation; Electricity Maps Estimation,TRUE,ESTIMATED_GENERAL_PURPOSE_ZONE_MODEL
2023-01-01 00:00:00,Congo,Congo,CG,291.02,397.18,21.91,21.91,IEA + Electricity Maps Estimation,TRUE,ESTIMATED_GENERAL_PURPOSE_ZONE_MODEL
2024-01-01 00:00:00,Congo,Congo,CG,292.07,398.49,21.62,21.62,IEA + Electricity Maps Estimation,TRUE,ESTIMATED_GENERAL_PURPOSE_ZONE_MODEL
2021-01-01 00:00:00,Chile,Sistema Eléctrico Nacional,CL-SEN,341.96,405.21,42.63,42.57,coordinador.cl; Electricity Maps Estimation,FALSE,
2022-01-01 00:00:00,Chile,Sistema Eléctrico Nacional,CL-SEN,261.56,321.66,53.01,53.01,Electricity Maps Estimation; coordinador.cl,FALSE,
2023-01-01 00:00:00,Chile,Sistema Eléctrico Nacional,CL-SEN,217.48,272.26,60.93,60.93,coordinador.cl; Electricity Maps Estimation,FALSE,
2024-01-01 00:00:00,Chile,Sistema Eléctrico Nacional,CL-SEN,185.06,235.86,66.75,66.75,Electricity Maps Estimation; coordinador.cl,FALSE,
2021-01-01 00:00:00,Cameroon,Cameroon,CM,123.57,190.65,67.45,67.45,IEA + Electricity Maps Estimation,TRUE,ESTIMATED_GENERAL_PURPOSE_ZONE_MODEL
2022-01-01 00:00:00,Cameroon,Cameroon,CM,113.15,178.28,70.32,70.32,Electricity Maps Estimation; IEA + Electricity Maps Estimation,TRUE,ESTIMATED_GENERAL_PURPOSE_ZONE_MODEL
2023-01-01 00:00:00,Cameroon,Cameroon,CM,102.47,163.62,73.12,73.12,IEA + Electricity Maps Estimation,TRUE,ESTIMATED_GENERAL_PURPOSE_ZONE_MODEL
2021-01-01 00:00:00,China,China,CN,498.43,551.88,32.74,27.87,EMBER + Electricity Maps Estimation,TRUE,ESTIMATED_GENERAL_PURPOSE_ZONE_MODEL
2022-01-01 00:00:00,China,China,CN,486.57,539.60,34.40,29.61,Electricity Maps Estimation; EMBER + Electricity Maps Estimation,TRUE,ESTIMATED_GENERAL_PURPOSE_ZONE_MODEL
2023-01-01 00:00:00,China,China,CN,482.70,535.76,34.91,30.25,EMBER + Electricity Maps Estimation,TRUE,ESTIMATED_GENERAL_PURPOSE_ZONE_MODEL
2024-01-01 00:00:00,China,China,CN,461.35,513.51,37.79,33.31,EMBER + Electricity Maps Estimation,TRUE,ESTIMATED_GENERAL_PURPOSE_ZONE_MODEL
2021-01-01 00:00:00,Colombia,Colombia,CO,84.53,126.05,83.42,83.42,Electricity Maps Estimation; xm.com.co,FALSE,
2022-01-01 00:00:00,Colombia,Colombia,CO,72.39,112.47,85.41,85.41,xm.com.co; Electricity Maps Estimation,FALSE,
2023-01-01 00:00:00,Colombia,Colombia,CO,106.52,148.28,80.49,80.49,xm.com.co; Electricity Maps Estimation,FALSE,
2024-01-01 00:00:00,Colombia,Colombia,CO,53.03,90.10,88.57,88.57,Electricity Maps Estimation,TRUE,ESTIMATED_TIME_SLICER_AVERAGE
2021-01-01 00:00:00,Costa Rica,Costa Rica,CR,16.22,40.27,97.20,97.20,Electricity Maps Estimation; grupoice.com,FALSE,
2022-01-01 00:00:00,Costa Rica,Costa Rica,CR,17.73,47.91,96.38,96.38,grupoice.com; Electricity Maps Estimation,TRUE,ESTIMATED_TIME_SLICER_AVERAGE
2023-01-01 00:00:00,Costa Rica,Costa Rica,CR,29.74,69.52,92.92,92.92,grupoice.com; Electricity Maps Estimation,FALSE,
2024-01-01 00:00:00,Costa Rica,Costa Rica,CR,44.29,94.09,89.09,89.09,grupoice.com; Electricity Maps Estimation,FALSE,
2021-01-01 00:00:00,Cuba,Cuba,CU,384.28,612.48,4.56,4.56,IEA + Electricity Maps Estimation,TRUE,ESTIMATED_GENERAL_PURPOSE_ZONE_MODEL
2022-01-01 00:00:00,Cuba,Cuba,CU,384.56,608.68,4.23,4.23,Electricity Maps Estimation; IEA + Electricity Maps Estimation,TRUE,ESTIMATED_GENERAL_PURPOSE_ZONE_MODEL
2021-01-01 00:00:00,Cabo Verde,Cabo Verde,CV,468.02,572.60,18.60,18.60,EMBER + Electricity Maps Estimation,TRUE,ESTIMATED_GENERAL_PURPOSE_ZONE_MODEL
2023-01-01 00:00:00,Cabo Verde,Cabo Verde,CV,400.25,496.34,30.39,30.39,EMBER + Electricity Maps Estimation,TRUE,ESTIMATED_GENERAL_PURPOSE_ZONE_MODEL
2024-01-01 00:00:00,Cabo Verde,Cabo Verde,CV,391.77,486.77,31.87,31.87,EMBER + Electricity Maps Estimation,TRUE,ESTIMATED_GENERAL_PURPOSE_ZONE_MODEL
2021-01-01 00:00:00,Curaçao,Curaçao,CW,298.73,482.25,26.42,26.42,IEA + Electricity Maps Estimation,TRUE,ESTIMATED_GENERAL_PURPOSE_ZONE_MODEL
2023-01-01 00:00:00,Curaçao,Curaçao,CW,305.79,493.35,24.68,24.68,IEA + Electricity Maps Estimation,TRUE,ESTIMATED_GENERAL_PURPOSE_ZONE_MODEL
2024-01-01 00:00:00,Curaçao,Curaçao,CW,306.26,494.10,24.57,24.57,IEA + Electricity Maps Estimation,TRUE,ESTIMATED_GENERAL_PURPOSE_ZONE_MODEL
2021-01-01 00:00:00,Cyprus,Cyprus,CY,606.35,820.07,14.55,14.55,Electricity Maps Estimation; tsoc.org.cy,FALSE,
2023-01-01 00:00:00,Cyprus,Cyprus,CY,509.85,711.26,20.47,20.47,Electricity Maps Estimation; tsoc.org.cy,FALSE,
2021-01-01 00:00:00,Czechia,Czechia,CZ,528.22,555.54,46.10,12.74,ceps.cz,FALSE,
2022-01-01 00:00:00,Czechia,Czechia,CZ,554.31,578.54,45.98,13.10,ceps.cz,FALSE,
2023-01-01 00:00:00,Czechia,Czechia,CZ,482.84,524.82,52.30,15.74,ceps.cz,FALSE,
2024-01-01 00:00:00,Czechia,Czechia,CZ,439.39,480.56,56.02,19.82,ceps.cz,FALSE,
2021-01-01 00:00:00,Germany,Germany,DE,373.67,439.21,58.49,44.55,entsoe.eu,FALSE,
2022-01-01 00:00:00,Germany,Germany,DE,409.53,476.20,56.89,49.51,entsoe.eu,FALSE,
2023-01-01 00:00:00,Germany,Germany,DE,311.55,370.43,62.69,58.38,entsoe.eu; Electricity Maps Estimation,FALSE,
2024-01-01 00:00:00,Germany,Germany,DE,276.59,333.78,65.52,61.10,entsoe.eu; Electricity Maps Estimation,FALSE,
2024-01-01 00:00:00,Denmark,Denmark,DK,74.83,123.73,87.08,80.07,entsoe.eu,FALSE,
2021-01-01 00:00:00,Algeria,Algeria,DZ,367.27,487.13,0.77,0.77,Electricity Maps Estimation,TRUE,ESTIMATED_GENERAL_PURPOSE_ZONE_MODEL
2022-01-01 00:00:00,Algeria,Algeria,DZ,367.25,487.13,0.78,0.78,Electricity Maps Estimation; IEA + Electricity Maps Estimation,TRUE,ESTIMATED_GENERAL_PURPOSE_ZONE_MODEL
2023-01-01 00:00:00,Algeria,Algeria,DZ,367.43,487.30,0.73,0.73,IEA + Electricity Maps Estimation,TRUE,ESTIMATED_GENERAL_PURPOSE_ZONE_MODEL
2024-01-01 00:00:00,Algeria,Algeria,DZ,367.45,487.33,0.72,0.72,IEA + Electricity Maps Estimation,TRUE,ESTIMATED_GENERAL_PURPOSE_ZONE_MODEL
2022-01-01 00:00:00,Spain,Ceuta,ES-CE,405.93,649.67,0.00,0.00,demanda.ree.es; Electricity Maps Estimation,FALSE,
2023-01-01 00:00:00,Spain,Ceuta,ES-CE,405.96,649.82,0.00,0.00,demanda.ree.es,FALSE,
2024-01-01 00:00:00,Spain,Ceuta,ES-CE,405.82,649.21,0.00,0.00,demanda.ree.es,FALSE,
2021-01-01 00:00:00,France,Corsica,FR-COR,276.86,351.05,44.39,43.86,Electricity Maps Estimation; opendata.edf.fr,FALSE,
2022-01-01 00:00:00,France,Corsica,FR-COR,379.85,483.38,34.93,34.52,opendata.edf.fr; Electricity Maps Estimation; edf.fr; opendata-corse.edf.fr,FALSE,
2023-01-01 00:00:00,France,Corsica,FR-COR,336.33,439.51,47.60,46.79,edf.fr; opendata-corse.edf.fr; Electricity Maps Estimation,FALSE,
2024-01-01 00:00:00,France,Corsica,FR-COR,381.50,491.97,41.59,41.27,Electricity Maps Estimation; opendata-corse.edf.fr,FALSE,
2021-01-01 00:00:00,Croatia,Croatia,HR,262.59,300.79,63.45,54.90,Electricity Maps Estimation; entsoe.eu,FALSE,
2022-01-01 00:00:00,Croatia,Croatia,HR,296.40,342.68,58.01,47.39,entsoe.eu; Electricity Maps Estimation,FALSE,
2023-01-01 00:00:00,Croatia,Croatia,HR,232.15,271.34,65.87,58.94,entsoe.eu; Electricity Maps Estimation,FALSE,
2024-01-01 00:00:00,Croatia,Croatia,HR,195.85,228.01,71.27,59.45,entsoe.eu; Electricity Maps Estimation,FALSE,
2021-01-01 00:00:00,Kenya,Kenya,KE,41.40,95.90,89.80,89.80,IEA + Electricity Maps Estimation,TRUE,ESTIMATED_GENERAL_PURPOSE_ZONE_MODEL
2022-01-01 00:00:00,Kenya,Kenya,KE,50.14,109.88,87.65,87.65,Electricity Maps Estimation; IEA + Electricity Maps Estimation,TRUE,ESTIMATED_GENERAL_PURPOSE_ZONE_MODEL
2023-01-01 00:00:00,Kenya,Kenya,KE,41.71,96.95,89.73,89.73,IEA + Electricity Maps Estimation,TRUE,ESTIMATED_GENERAL_PURPOSE_ZONE_MODEL
2024-01-01 00:00:00,Kenya,Kenya,KE,40.58,95.26,90.00,90.00,IEA + Electricity Maps Estimation,TRUE,ESTIMATED_GENERAL_PURPOSE_ZONE_MODEL
2021-01-01 00:00:00,Cambodia,Cambodia,KH,300.94,351.25,58.15,58.15,IEA + Electricity Maps Estimation,TRUE,ESTIMATED_GENERAL_PURPOSE_ZONE_MODEL
2022-01-01 00:00:00,Cambodia,Cambodia,KH,262.91,307.04,64.03,64.03,IEA + Electricity Maps Estimation; Electricity Maps Estimation,TRUE,ESTIMATED_GENERAL_PURPOSE_ZONE_MODEL
2023-01-01 00:00:00,Cambodia,Cambodia,KH,240.06,282.26,67.24,67.24,IEA + Electricity Maps Estimation,TRUE,ESTIMATED_GENERAL_PURPOSE_ZONE_MODEL
2024-01-01 00:00:00,Cambodia,Cambodia,KH,232.01,273.49,68.39,68.39,IEA + Electricity Maps Estimation,TRUE,ESTIMATED_GENERAL_PURPOSE_ZONE_MODEL
2021-01-01 00:00:00,Comoros,Comoros,KM,575.00,700.00,0.00,0.00,EMBER + Electricity Maps Estimation,TRUE,ESTIMATED_GENERAL_PURPOSE_ZONE_MODEL
2022-01-01 00:00:00,Comoros,Comoros,KM,575.00,700.00,0.00,0.00,Electricity Maps Estimation; EMBER + Electricity Maps Estimation,TRUE,ESTIMATED_GENERAL_PURPOSE_ZONE_MODEL
2023-01-01 00:00:00,Comoros,Comoros,KM,575.00,700.00,0.00,0.00,EMBER + Electricity Maps Estimation,TRUE,ESTIMATED_GENERAL_PURPOSE_ZONE_MODEL
2024-01-01 00:00:00,Comoros,Comoros,KM,575.00,700.00,0.00,0.00,EMBER + Electricity Maps Estimation,TRUE,ESTIMATED_GENERAL_PURPOSE_ZONE_MODEL
2021-01-01 00:00:00,Cayman Islands,Cayman Islands,KY,558.57,681.29,2.86,2.86,EMBER + Electricity Maps Estimation,TRUE,ESTIMATED_GENERAL_PURPOSE_ZONE_MODEL
2022-01-01 00:00:00,Cayman Islands,Cayman Islands,KY,559.54,682.39,2.69,2.69,Electricity Maps Estimation; EMBER + Electricity Maps Estimation,TRUE,ESTIMATED_GENERAL_PURPOSE_ZONE_MODEL
2023-01-01 00:00:00,Cayman Islands,Cayman Islands,KY,558.55,681.26,2.86,2.86,EMBER + Electricity Maps Estimation,TRUE,ESTIMATED_GENERAL_PURPOSE_ZONE_MODEL
2024-01-01 00:00:00,Cayman Islands,Cayman Islands,KY,558.40,681.09,2.89,2.89,EMBER + Electricity Maps Estimation,TRUE,ESTIMATED_GENERAL_PURPOSE_ZONE_MODEL
2021-01-01 00:00:00,Mexico,Mexico,MX,273.90,364.93,27.44,23.85,cenace.gob.mx; Electricity Maps Estimation,FALSE,
2022-01-01 00:00:00,Mexico,Mexico,MX,285.47,376.98,26.12,22.96,Electricity Maps Estimation; cenace.gob.mx,FALSE,
2023-01-01 00:00:00,Mexico,Mexico,MX,298.61,393.88,21.87,18.39,cenace.gob.mx,FALSE,
2024-01-01 00:00:00,Mexico,Mexico,MX,296.31,391.68,22.16,18.76,cenace.gob.mx,FALSE,
2021-01-01 00:00:00,Mozambique,Mozambique,MZ,63.30,106.07,82.98,82.98,IEA + Electricity Maps Estimation,TRUE,ESTIMATED_GENERAL_PURPOSE_ZONE_MODEL
2022-01-01 00:00:00,Mozambique,Mozambique,MZ,59.35,100.83,84.02,84.02,IEA + Electricity Maps Estimation; Electricity Maps Estimation,TRUE,ESTIMATED_GENERAL_PURPOSE_ZONE_MODEL
2023-01-01 00:00:00,Mozambique,Mozambique,MZ,59.64,101.20,83.94,83.94,IEA + Electricity Maps Estimation,TRUE,ESTIMATED_GENERAL_PURPOSE_ZONE_MODEL
2024-01-01 00:00:00,Mozambique,Mozambique,MZ,59.21,100.62,84.05,84.05,IEA + Electricity Maps Estimation,TRUE,ESTIMATED_GENERAL_PURPOSE_ZONE_MODEL
2021-01-01 00:00:00,Nigeria,Nigeria,NG,278.20,374.38,24.81,24.81,Electricity Maps Estimation; niggrid.org,FALSE,
2022-01-01 00:00:00,Nigeria,Nigeria,NG,271.56,366.02,26.61,26.61,niggrid.org; Electricity Maps Estimation,FALSE,
2023-01-01 00:00:00,Nigeria,Nigeria,NG,278.88,375.24,24.63,24.63,niggrid.org,FALSE,
2024-01-01 00:00:00,Nigeria,Nigeria,NG,277.71,373.76,24.94,24.94,niggrid.org; Electricity Maps Estimation,FALSE,
2021-01-01 00:00:00,Chad,Chad,TD,399.14,639.20,1.69,1.69,IEA + Electricity Maps Estimation,TRUE,ESTIMATED_GENERAL_PURPOSE_ZONE_MODEL
2022-01-01 00:00:00,Chad,Chad,TD,398.21,637.73,1.92,1.92,IEA + Electricity Maps Estimation; Electricity Maps Estimation,TRUE,ESTIMATED_GENERAL_PURPOSE_ZONE_MODEL
2023-01-01 00:00:00,Chad,Chad,TD,398.17,637.68,1.93,1.93,IEA + Electricity Maps Estimation,TRUE,ESTIMATED_GENERAL_PURPOSE_ZONE_MODEL
2024-01-01 00:00:00,Chad,Chad,TD,398.04,637.48,1.96,1.96,IEA + Electricity Maps Estimation,TRUE,ESTIMATED_GENERAL_PURPOSE_ZONE_MODEL
2021-01-01 00:00:00,USA,Public Service Company of New Mexico,US-SW-PNM,624.77,681.57,28.51,26.81,eia.gov,FALSE,
2022-01-01 00:00:00,USA,Public Service Company of New Mexico,US-SW-PNM,535.91,586.84,37.96,36.48,eia.gov; Electricity Maps Estimation,FALSE,
2023-01-01 00:00:00,USA,Public Service Company of New Mexico,US-SW-PNM,375.64,431.93,45.47,44.17,Electricity Maps Estimation; eia.gov,FALSE,
2024-01-01 00:00:00,USA,Public Service Company of New Mexico,US-SW-PNM,300.20,349.80,55.97,54.43,Electricity Maps Estimation; eia.gov,FALSE,
2021-01-01 00:00:00,USA,USA,US,379.53,445.44,39.34,20.02,,FALSE,
2022-01-01 00:00:00,USA,USA,US,363.42,429.52,40.28,21.62,,FALSE,
2023-01-01 00:00:00,USA,USA,US,343.32,411.26,40.49,21.43,,FALSE,
2024-01-01 00:00:00,USA,USA,US,335.64,403.65,41.19,22.72,,FALSE,
2021-01-01 00:00:00,Uruguay,Uruguay,UY,71.63,145.28,82.35,82.32,pronos.adme.com.uy,FALSE,
2022-01-01 00:00:00,Uruguay,Uruguay,UY,41.58,99.18,89.76,89.76,pronos.adme.com.uy; Electricity Maps Estimation,FALSE,
2023-01-01 00:00:00,Uruguay,Uruguay,UY,39.04,96.66,90.89,90.69,pronos.adme.com.uy; Electricity Maps Estimation,FALSE,
2024-01-01 00:00:00,Uruguay,Uruguay,UY,3.62,52.53,99.12,99.11,Electricity Maps Estimation; pronos.adme.com.uy,FALSE,
2021-01-01 00:00:00,South Africa,South Africa,ZA,654.97,710.75,15.90,10.45,eskom.co.za,FALSE,
2022-01-01 00:00:00,South Africa,South Africa,ZA,648.92,705.00,16.33,11.65,eskom.co.za,FALSE,
2023-01-01 00:00:00,South Africa,South Africa,ZA,644.47,701.88,16.60,12.63,eskom.co.za; Electricity Maps Estimation,FALSE,
2024-01-01 00:00:00,South Africa,South Africa,ZA,655.89,712.78,15.15,11.40,Electricity Maps Estimation; eskom.co.za,FALSE,
2021-01-01 00:00:00,Zambia,Zambia,ZM,58.32,87.49,92.02,92.02,IEA + Electricity Maps Estimation,TRUE,ESTIMATED_GENERAL_PURPOSE_ZONE_MODEL
2022-01-01 00:00:00,Zambia,Zambia,ZM,82.89,111.69,89.09,89.09,Electricity Maps Estimation; IEA + Electricity Maps Estimation,TRUE,ESTIMATED_GENERAL_PURPOSE_ZONE_MODEL
2023-01-01 00:00:00,Zambia,Zambia,ZM,87.92,117.01,88.43,88.43,IEA + Electricity Maps Estimation,TRUE,ESTIMATED_GENERAL_PURPOSE_ZONE_MODEL
2024-01-01 00:00:00,Zambia,Zambia,ZM,89.52,118.67,88.22,88.22,IEA + Electricity Maps Estimation,TRUE,ESTIMATED_GENERAL_PURPOSE_ZONE_MODEL